UnavailableWord,SentenceIn
ndai,ndai kaw hpa baw seng ni nga ai rai
UnavailableWord,SentenceIn
ndai,ngai hpe ndai kaw na seng ni lam tsun dan rit
UnavailableWord,SentenceIn
lam,ngai hpe ndai kaw na seng ni lam tsun dan rit
UnavailableWord,SentenceIn
tsun,ngai hpe ndai kaw na seng ni lam tsun dan rit
UnavailableWord,SentenceIn
dan,ngai hpe ndai kaw na seng ni lam tsun dan rit
UnavailableWord,SentenceIn
rit,ngai hpe ndai kaw na seng ni lam tsun dan rit
UnavailableWord,SentenceIn
ndai,ngai hpe ndai kaw na seng ni lam tsun dan rit
UnavailableWord,SentenceIn
ndai,ngai hpe ndai kaw na seng ni lam tsun dan rit
UnavailableWord,SentenceIn
galaw,hpa baw galaw taw nga ai rai
UnavailableWord,SentenceIn
mayu,nga shan shat mai sha mayu ai
UnavailableWord,SentenceIn
mayu,nga shan shat mai sha mayu ai
UnavailableWord,SentenceIn
Hpa,Hpa baw seng ni nga ai rai
UnavailableWord,SentenceIn
baw,Hpa baw seng ni nga ai rai
UnavailableWord,SentenceIn
Hpa,Hpa baw seng ni nga ai rai
UnavailableWord,SentenceIn
baw,Hpa baw seng ni nga ai rai
UnavailableWord,SentenceIn
Hpa,Hpa baw seng ni nga ai rai
UnavailableWord,SentenceIn
baw,Hpa baw seng ni nga ai rai
UnavailableWord,SentenceIn
mying, na mying hpa nga rai
UnavailableWord,SentenceIn
nang,nang hpe ngai tsawra ai
UnavailableWord,SentenceIn
tsawra,nang hpe ngai tsawra ai
UnavailableWord,SentenceIn
mying, na mying hpa nga rai
UnavailableWord,SentenceIn
tsawra,   tsawra ai
UnavailableWord,SentenceIn
madu,lusha seng ni  madu rit
UnavailableWord,SentenceIn
madu,lusha seng ni  madu rit
UnavailableWord,SentenceIn
chaing,chaing mai kaw nga ai seng ni  madun rit
UnavailableWord,SentenceIn
jdai,jdai
UnavailableWord,SentenceIn
ngut,ngut
UnavailableWord,SentenceIn
chiang,chiang mai kaw nga ai lusha seng ni  madun dan rit
UnavailableWord,SentenceIn
chiangmai,chiangmai kaw hpa baw lusha seng ni nga ai rai
UnavailableWord,SentenceIn
chiangmai,chiangmai kaw nga ai lusha seng ni  madun dan rit
UnavailableWord,SentenceIn
chiangmai,chiangmai kaw nga ai lusha seng ni  madun dan rit
UnavailableWord,SentenceIn
chiangmai,chiangmai kaw nga ai lusha seng ni  madun dan rit
UnavailableWord,SentenceIn
chiangmai,chiangmai kaw nga ai lusha seng ni  madun dan rit
UnavailableWord,SentenceIn
chiangmai,chiangmai kaw nga ai lusha seng ni  madun dan rit
UnavailableWord,SentenceIn
chiangmai,chiangmai kaw nga ai lusha seng ni  madun dan rit
UnavailableWord,SentenceIn
chiangmai,chiangmai kaw nga ai lusha seng ni  madun dan rit
UnavailableWord,SentenceIn
chiangmai,chiangmai kaw nga ai lusha seng ni  madun dan rit
UnavailableWord,SentenceIn
chiangmai,chiangmai kaw nga ai lusha seng ni  madun dan rit
UnavailableWord,SentenceIn
chiangmai,chiangmai kaw nga ai lusha seng ni  madun dan rit
UnavailableWord,SentenceIn
chiangmai,chiangmai kaw nga ai lusha seng ni  madun dan rit
UnavailableWord,SentenceIn
chiangmai,chiangmai kaw nga ai lusha seng ni  madun dan rit
UnavailableWord,SentenceIn
chiangmai,chiangmai kaw nga ai lusha seng ni  madun dan rit
UnavailableWord,SentenceIn
chiangmai,chiangmai kaw nga ai lusha seng ni  madun dan rit
UnavailableWord,SentenceIn
7eleven,7eleven  yu yu ga
UnavailableWord,SentenceIn
yu yu,7eleven  yu yu ga
UnavailableWord,SentenceIn
7Eleven,7Eleven  madun rit
UnavailableWord,SentenceIn
[at,[at
UnavailableWord,SentenceIn
7eleven,7eleven  madun rit
UnavailableWord,SentenceIn
7eleven,7eleven  madun rit
UnavailableWord,SentenceIn
7eleven,7eleven  madun rit
UnavailableWord,SentenceIn
7eleven,7eleven  madun rit
UnavailableWord,SentenceIn
7eleven,7eleven  madun rit
UnavailableWord,SentenceIn
7Eleven,7Eleven  madun rit
UnavailableWord,SentenceIn
7Eleven,7Eleven  madun rit
UnavailableWord,SentenceIn
7eleven,7eleven  madun rit
UnavailableWord,SentenceIn
7eleven,7eleven  madun rit
UnavailableWord,SentenceIn
7eleven,7eleven  madun rit
UnavailableWord,SentenceIn
7eleven,7eleven  madun rit
UnavailableWord,SentenceIn
7eleven,7eleven  madun rit
UnavailableWord,SentenceIn
7eleven,7eleven  madun rit
UnavailableWord,SentenceIn
7eleven,7eleven  madun rit
UnavailableWord,SentenceIn
7eleven,7eleven  madun rit
UnavailableWord,SentenceIn
7eleven,7eleven  madun rit
UnavailableWord,SentenceIn
7Eleven,7Eleven  madun rit
UnavailableWord,SentenceIn
7Eleven,7Eleven  madun rit
UnavailableWord,SentenceIn
7eleven,7eleven  madun rit
UnavailableWord,SentenceIn
7Eleven,7Eleven  madun rit
UnavailableWord,SentenceIn
7eleven,7eleven  madun rit
UnavailableWord,SentenceIn
7eleven,7eleven  madun rit
UnavailableWord,SentenceIn
ok,ok
UnavailableWord,SentenceIn
sumlut,sumlut tang gun seng a lam tsun dan rit
UnavailableWord,SentenceIn
tang,sumlut tang gun seng a lam tsun dan rit
UnavailableWord,SentenceIn
gun,sumlut tang gun seng a lam tsun dan rit
UnavailableWord,SentenceIn
a,sumlut tang gun seng a lam tsun dan rit
UnavailableWord,SentenceIn
sumlut,sumlut tang gun seng a lam tsun dan rit
UnavailableWord,SentenceIn
tang,sumlut tang gun seng a lam tsun dan rit
UnavailableWord,SentenceIn
gun,sumlut tang gun seng a lam tsun dan rit
UnavailableWord,SentenceIn
a,sumlut tang gun seng a lam tsun dan rit
UnavailableWord,SentenceIn
sumlut,sumlut yawng seng  madun dan rit
UnavailableWord,SentenceIn
yawng,sumlut yawng seng  madun dan rit
UnavailableWord,SentenceIn
sumlut,sumlut yawng seng  madun dan rit
UnavailableWord,SentenceIn
yawng,sumlut yawng seng  madun dan rit
UnavailableWord,SentenceIn
sumlut,sumlut tang gun seng a lam tsun dan rit
UnavailableWord,SentenceIn
tang,sumlut tang gun seng a lam tsun dan rit
UnavailableWord,SentenceIn
gun,sumlut tang gun seng a lam tsun dan rit
UnavailableWord,SentenceIn
a,sumlut tang gun seng a lam tsun dan rit
UnavailableWord,SentenceIn
sumlut,sumlut tang gun seng a lam tsun dan rit
UnavailableWord,SentenceIn
tang,sumlut tang gun seng a lam tsun dan rit
UnavailableWord,SentenceIn
gun,sumlut tang gun seng a lam tsun dan rit
UnavailableWord,SentenceIn
a,sumlut tang gun seng a lam tsun dan rit
UnavailableWord,SentenceIn
sumlut,sumlut tang gun seng a lam tsun dan rit
UnavailableWord,SentenceIn
tang,sumlut tang gun seng a lam tsun dan rit
UnavailableWord,SentenceIn
gun,sumlut tang gun seng a lam tsun dan rit
UnavailableWord,SentenceIn
a,sumlut tang gun seng a lam tsun dan rit
UnavailableWord,SentenceIn
sumlut,sumlut tang gun seng a lam tsun dan rit
UnavailableWord,SentenceIn
tang,sumlut tang gun seng a lam tsun dan rit
UnavailableWord,SentenceIn
gun,sumlut tang gun seng a lam tsun dan rit
UnavailableWord,SentenceIn
a,sumlut tang gun seng a lam tsun dan rit
UnavailableWord,SentenceIn
sumlut,sumlut tang gun seng a lam tsun dan rit
UnavailableWord,SentenceIn
tang,sumlut tang gun seng a lam tsun dan rit
UnavailableWord,SentenceIn
gun,sumlut tang gun seng a lam tsun dan rit
UnavailableWord,SentenceIn
a,sumlut tang gun seng a lam tsun dan rit
UnavailableWord,SentenceIn
sumlut,sumlut tang gun seng a lam tsun dan rit
UnavailableWord,SentenceIn
tang,sumlut tang gun seng a lam tsun dan rit
UnavailableWord,SentenceIn
gun,sumlut tang gun seng a lam tsun dan rit
UnavailableWord,SentenceIn
a,sumlut tang gun seng a lam tsun dan rit
UnavailableWord,SentenceIn
sumlut,sumlut tang gun seng a lam tsun dan rit
UnavailableWord,SentenceIn
tang,sumlut tang gun seng a lam tsun dan rit
UnavailableWord,SentenceIn
gun,sumlut tang gun seng a lam tsun dan rit
UnavailableWord,SentenceIn
a,sumlut tang gun seng a lam tsun dan rit
UnavailableWord,SentenceIn
a,seng a lam tsun dan rit
UnavailableWord,SentenceIn
hpaw,seng hpaw ai ten  tsun dan rit
UnavailableWord,SentenceIn
ten,seng hpaw ai ten  tsun dan rit
UnavailableWord,SentenceIn
hkying,hkying kade hpaw ai re  tsun dan rit
UnavailableWord,SentenceIn
kade,hkying kade hpaw ai re  tsun dan rit
UnavailableWord,SentenceIn
re,hkying kade hpaw ai re  tsun dan rit
UnavailableWord,SentenceIn
hkying,hkying gade kaw hpaw ai re  tsun dan rit
UnavailableWord,SentenceIn
re,hkying gade kaw hpaw ai re  tsun dan rit
UnavailableWord,SentenceIn
hkan,gara ten hkan hpaw ai re  tsun dan rit
UnavailableWord,SentenceIn
re,gara ten hkan hpaw ai re  tsun dan rit
UnavailableWord,SentenceIn
hkan,gara ten hkan hpaw ai re  tsun dan rit
UnavailableWord,SentenceIn
re,gara ten hkan hpaw ai re  tsun dan rit
UnavailableWord,SentenceIn
hkan,gara ten hkan hpaw ai re  tsun dan rit
UnavailableWord,SentenceIn
re,gara ten hkan hpaw ai re  tsun dan rit
UnavailableWord,SentenceIn
hkan,gara ten hkan hpaw ai re  tsun dan rit
UnavailableWord,SentenceIn
re,gara ten hkan hpaw ai re  tsun dan rit
UnavailableWord,SentenceIn
hkan,gara ten hkan hpaw ai re  tsun dan rit
UnavailableWord,SentenceIn
re,gara ten hkan hpaw ai re  tsun dan rit
UnavailableWord,SentenceIn
hkying,hkying gade kaw hpaw ai rai
UnavailableWord,SentenceIn
hkan,gara ten hkan hpaw ai re  tsun dan rit
UnavailableWord,SentenceIn
re,gara ten hkan hpaw ai re  tsun dan rit
UnavailableWord,SentenceIn
hkan,gara ten hkan hpaw ai re  tsun dan rit
UnavailableWord,SentenceIn
re,gara ten hkan hpaw ai re  tsun dan rit
UnavailableWord,SentenceIn
a,a ten gade hkan hpaw ai rai
UnavailableWord,SentenceIn
hkan,a ten gade hkan hpaw ai rai
UnavailableWord,SentenceIn
7eleven,7eleven  tsun dan rit
UnavailableWord,SentenceIn
sumlut,sumlut tang gun seng a lam tsun dan rit
UnavailableWord,SentenceIn
tang,sumlut tang gun seng a lam tsun dan rit
UnavailableWord,SentenceIn
gun,sumlut tang gun seng a lam tsun dan rit
UnavailableWord,SentenceIn
a,sumlut tang gun seng a lam tsun dan rit
UnavailableWord,SentenceIn
7eleven,7eleven a lam tsun dan rit
UnavailableWord,SentenceIn
a,7eleven a lam tsun dan rit
UnavailableWord,SentenceIn
a,seng a lam tsun dan rit
UnavailableWord,SentenceIn
ok,ok
UnavailableWord,SentenceIn
jinghpaw,hpa baw jinghpaw seng ni nga ai rai
UnavailableWord,SentenceIn
ban,ban mai kaw nga ai seng ni  madun rit
UnavailableWord,SentenceIn
sumlut,sumlut yawng seng nga  tsun dan rit
UnavailableWord,SentenceIn
yawng,sumlut yawng seng nga  tsun dan rit
UnavailableWord,SentenceIn
pha,pha deng resort kaw hpa baw ni nga ai rai
UnavailableWord,SentenceIn
deng,pha deng resort kaw hpa baw ni nga ai rai
UnavailableWord,SentenceIn
resort,pha deng resort kaw hpa baw ni nga ai rai
UnavailableWord,SentenceIn
pha,pha deng resort kaw hpa baw ni nga ai rai
UnavailableWord,SentenceIn
deng,pha deng resort kaw hpa baw ni nga ai rai
UnavailableWord,SentenceIn
resort,pha deng resort kaw hpa baw ni nga ai rai
UnavailableWord,SentenceIn
pha,pha deng resort kaw hpa baw ni nga ai rai
UnavailableWord,SentenceIn
deng,pha deng resort kaw hpa baw ni nga ai rai
UnavailableWord,SentenceIn
resort,pha deng resort kaw hpa baw ni nga ai rai
UnavailableWord,SentenceIn
pha,pha deng resort kaw hpa baw ni nga ai rai
UnavailableWord,SentenceIn
deng,pha deng resort kaw hpa baw ni nga ai rai
UnavailableWord,SentenceIn
resort,pha deng resort kaw hpa baw ni nga ai rai
UnavailableWord,SentenceIn
pha,pha deng resort kaw hpa baw ni nga ai rai
UnavailableWord,SentenceIn
deng,pha deng resort kaw hpa baw ni nga ai rai
UnavailableWord,SentenceIn
resort,pha deng resort kaw hpa baw ni nga ai rai
UnavailableWord,SentenceIn
pha,pha deng resort kaw hpa baw ni nga ai rai
UnavailableWord,SentenceIn
deng,pha deng resort kaw hpa baw ni nga ai rai
UnavailableWord,SentenceIn
resort,pha deng resort kaw hpa baw ni nga ai rai
UnavailableWord,SentenceIn
pha,pha deng resort kaw hpa baw ni nga ai rai
UnavailableWord,SentenceIn
deng,pha deng resort kaw hpa baw ni nga ai rai
UnavailableWord,SentenceIn
resort,pha deng resort kaw hpa baw ni nga ai rai
UnavailableWord,SentenceIn
pha,pha deng resort kaw hpa baw ni nga ai rai
UnavailableWord,SentenceIn
deng,pha deng resort kaw hpa baw ni nga ai rai
UnavailableWord,SentenceIn
resort,pha deng resort kaw hpa baw ni nga ai rai
UnavailableWord,SentenceIn
pha,pha deng resort kaw hpa baw ni nga ai rai
UnavailableWord,SentenceIn
deng,pha deng resort kaw hpa baw ni nga ai rai
UnavailableWord,SentenceIn
resort,pha deng resort kaw hpa baw ni nga ai rai
UnavailableWord,SentenceIn
pha,pha deng resort kaw hpa baw ni nga ai rai
UnavailableWord,SentenceIn
deng,pha deng resort kaw hpa baw ni nga ai rai
UnavailableWord,SentenceIn
resort,pha deng resort kaw hpa baw ni nga ai rai
UnavailableWord,SentenceIn
pha,pha deng resort kaw hpa baw ni nga ai rai
UnavailableWord,SentenceIn
deng,pha deng resort kaw hpa baw ni nga ai rai
UnavailableWord,SentenceIn
resort,pha deng resort kaw hpa baw ni nga ai rai
UnavailableWord,SentenceIn
pha,pha deng resort kaw hpa baw ni nga ai rai
UnavailableWord,SentenceIn
deng,pha deng resort kaw hpa baw ni nga ai rai
UnavailableWord,SentenceIn
resort,pha deng resort kaw hpa baw ni nga ai rai
UnavailableWord,SentenceIn
pha,pha deng resort kaw hpa baw ni nga ai rai
UnavailableWord,SentenceIn
deng,pha deng resort kaw hpa baw ni nga ai rai
UnavailableWord,SentenceIn
resort,pha deng resort kaw hpa baw ni nga ai rai
UnavailableWord,SentenceIn
pha,pha deng resort kaw hpa baw ni nga ai rai
UnavailableWord,SentenceIn
deng,pha deng resort kaw hpa baw ni nga ai rai
UnavailableWord,SentenceIn
resort,pha deng resort kaw hpa baw ni nga ai rai
UnavailableWord,SentenceIn
pha,pha deng resort kaw hpa baw ni nga ai rai
UnavailableWord,SentenceIn
deng,pha deng resort kaw hpa baw ni nga ai rai
UnavailableWord,SentenceIn
resort,pha deng resort kaw hpa baw ni nga ai rai
UnavailableWord,SentenceIn
sumlut,sumlut yawng seng kaw hpa baw lu ai rai
UnavailableWord,SentenceIn
yawng,sumlut yawng seng kaw hpa baw lu ai rai
UnavailableWord,SentenceIn
sumlut,sumlut yawng seng kaw hpa baw lu ai rai
UnavailableWord,SentenceIn
yawng,sumlut yawng seng kaw hpa baw lu ai rai
UnavailableWord,SentenceIn
sumlut,sumlut yawng seng kaw hpa baw nga ai rai
UnavailableWord,SentenceIn
yawng,sumlut yawng seng kaw hpa baw nga ai rai
UnavailableWord,SentenceIn
sumlut,sumlut yawng seng kaw hpa baw nga ai rai
UnavailableWord,SentenceIn
yawng,sumlut yawng seng kaw hpa baw nga ai rai
UnavailableWord,SentenceIn
baw,hpa baw nga ai rai
UnavailableWord,SentenceIn
rai,hpa baw nga ai rai
UnavailableWord,SentenceIn
baw,hpa baw nga ai rai
UnavailableWord,SentenceIn
rai,hpa baw nga ai rai
UnavailableWord,SentenceIn
sumlut,sumlut yawng seng kaw hpa baw nga ai rai
UnavailableWord,SentenceIn
yawng,sumlut yawng seng kaw hpa baw nga ai rai
UnavailableWord,SentenceIn
sumlut,sumlut yawng seng kaw hpa baw nga ai rai
UnavailableWord,SentenceIn
yawng,sumlut yawng seng kaw hpa baw nga ai rai
UnavailableWord,SentenceIn
sumlut,sumlut yawng seng kaw hpa baw nga ai rai
UnavailableWord,SentenceIn
yawng,sumlut yawng seng kaw hpa baw nga ai rai
UnavailableWord,SentenceIn
sumlut,sumlut yawng seng kaw hpa baw nga ai rai
UnavailableWord,SentenceIn
yawng,sumlut yawng seng kaw hpa baw nga ai rai
UnavailableWord,SentenceIn
ok,ok
UnavailableWord,SentenceIn
sumlut,sumlut yawng seng kaw hpa baw nga ai rai
UnavailableWord,SentenceIn
yawng,sumlut yawng seng kaw hpa baw nga ai rai
UnavailableWord,SentenceIn
sumlut,sumlut yawng seng kaw hpa baw nga ai rai
UnavailableWord,SentenceIn
yawng,sumlut yawng seng kaw hpa baw nga ai rai
UnavailableWord,SentenceIn
baw,hpa baw ten hpaw ai rai
UnavailableWord,SentenceIn
rai,hpa baw ten hpaw ai rai
UnavailableWord,SentenceIn
galoi,galoi ten hpaw ai rai
UnavailableWord,SentenceIn
rai,galoi ten hpaw ai rai
UnavailableWord,SentenceIn
ok,ok
UnavailableWord,SentenceIn
sumlut,sumlut yawng seng galoi ten hpaw ai rai
UnavailableWord,SentenceIn
yawng,sumlut yawng seng galoi ten hpaw ai rai
UnavailableWord,SentenceIn
sumlut,sumlut yawng seng galoi ten hpaw ai rai
UnavailableWord,SentenceIn
yawng,sumlut yawng seng galoi ten hpaw ai rai
UnavailableWord,SentenceIn
sumlut,sumlut yawng seng galoi ten hpaw ai rai
UnavailableWord,SentenceIn
yawng,sumlut yawng seng galoi ten hpaw ai rai
UnavailableWord,SentenceIn
sumlut,sumlut yawng seng galoi ten hpaw ai rai
UnavailableWord,SentenceIn
yawng,sumlut yawng seng galoi ten hpaw ai rai
UnavailableWord,SentenceIn
sumlut,sumlut yawng seng galoi ten hpaw ai rai
UnavailableWord,SentenceIn
yawng,sumlut yawng seng galoi ten hpaw ai rai
UnavailableWord,SentenceIn
sumlut,sumlut yawng seng galoi ten hpaw ai rai
UnavailableWord,SentenceIn
yawng,sumlut yawng seng galoi ten hpaw ai rai
UnavailableWord,SentenceIn
sumlut,sumlut yawng seng galoi ten hkan mai sa ai rai
UnavailableWord,SentenceIn
yawng,sumlut yawng seng galoi ten hkan mai sa ai rai
UnavailableWord,SentenceIn
hkan,sumlut yawng seng galoi ten hkan mai sa ai rai
UnavailableWord,SentenceIn
sa,sumlut yawng seng galoi ten hkan mai sa ai rai
UnavailableWord,SentenceIn
hkan, galoi ten hkan mai sa ai rai
UnavailableWord,SentenceIn
sa, galoi ten hkan mai sa ai rai
UnavailableWord,SentenceIn
sumlut,sumlut yawng seng galoi ten hkan mai sa ai rai
UnavailableWord,SentenceIn
yawng,sumlut yawng seng galoi ten hkan mai sa ai rai
UnavailableWord,SentenceIn
hkan,sumlut yawng seng galoi ten hkan mai sa ai rai
UnavailableWord,SentenceIn
sa,sumlut yawng seng galoi ten hkan mai sa ai rai
UnavailableWord,SentenceIn
hkan, galoi ten hkan mai sa ai rai
UnavailableWord,SentenceIn
sa, galoi ten hkan mai sa ai rai
UnavailableWord,SentenceIn
sumlut,sumlut yawng seng galoi ten hkan mai sa ai rai
UnavailableWord,SentenceIn
yawng,sumlut yawng seng galoi ten hkan mai sa ai rai
UnavailableWord,SentenceIn
galoi,sumlut yawng seng galoi ten hkan mai sa ai rai
UnavailableWord,SentenceIn
hkan,sumlut yawng seng galoi ten hkan mai sa ai rai
UnavailableWord,SentenceIn
sa,sumlut yawng seng galoi ten hkan mai sa ai rai
UnavailableWord,SentenceIn
rai,sumlut yawng seng galoi ten hkan mai sa ai rai
UnavailableWord,SentenceIn
sumlut,sumlut yawng seng galoi ten hkan mai sa sha ai rai
UnavailableWord,SentenceIn
yawng,sumlut yawng seng galoi ten hkan mai sa sha ai rai
UnavailableWord,SentenceIn
galoi,sumlut yawng seng galoi ten hkan mai sa sha ai rai
UnavailableWord,SentenceIn
hkan,sumlut yawng seng galoi ten hkan mai sa sha ai rai
UnavailableWord,SentenceIn
sa,sumlut yawng seng galoi ten hkan mai sa sha ai rai
UnavailableWord,SentenceIn
rai,sumlut yawng seng galoi ten hkan mai sa sha ai rai
UnavailableWord,SentenceIn
gade,gade rai
UnavailableWord,SentenceIn
rai,gade rai
UnavailableWord,SentenceIn
awng,awng wa seng  madun rit
UnavailableWord,SentenceIn
awng,awng wa seng hpaw ten  tsun dan rit
UnavailableWord,SentenceIn
sumlut,sumlut yawng seng  madun rit
UnavailableWord,SentenceIn
yawng,sumlut yawng seng  madun rit
UnavailableWord,SentenceIn
awng,awng wa seng hpaw ten  tsun dan rit
UnavailableWord,SentenceIn
awng,awng wa seng hpaw ten  tsun dan rit
UnavailableWord,SentenceIn
awng,awng wa seng hpaw ten  tsun dan rit
UnavailableWord,SentenceIn
awng,awng wa seng gara kaw nga ai rai
UnavailableWord,SentenceIn
awng,awng wa seng gara kaw nga ai rai
UnavailableWord,SentenceIn
gara,awng wa seng gara kaw nga ai rai
UnavailableWord,SentenceIn
rai,awng wa seng gara kaw nga ai rai
UnavailableWord,SentenceIn
awng,awng wa seng gara kaw nga ai rai
UnavailableWord,SentenceIn
pha,pha deng resort a lam tsun dan rit
UnavailableWord,SentenceIn
deng,pha deng resort a lam tsun dan rit
UnavailableWord,SentenceIn
resort,pha deng resort a lam tsun dan rit
UnavailableWord,SentenceIn
a,pha deng resort a lam tsun dan rit
UnavailableWord,SentenceIn
a, a lam tsun dan rit
UnavailableWord,SentenceIn
awng,awng wa seng gara kaw nga ai rai
UnavailableWord,SentenceIn
awng,awng wa seng gara kaw nga ai rai
UnavailableWord,SentenceIn
awng,awng wa seng gara kaw nga ai rai
UnavailableWord,SentenceIn
awng,awng wa seng gara kaw nga ai rai
UnavailableWord,SentenceIn
awng,awng wa seng gara kaw nga ai rai
UnavailableWord,SentenceIn
awng,awng wa seng gara kaw nga ai rai
UnavailableWord,SentenceIn
awng,awng wa seng gara kaw nga ai rai
UnavailableWord,SentenceIn
awng,awng wa seng gara kaw nga ai rai
UnavailableWord,SentenceIn
awng,awng wa seng gara kaw nga ai rai
UnavailableWord,SentenceIn
awng,awng wa seng gara kaw nga ai rai
UnavailableWord,SentenceIn
sumlut,sumlut yawng seng gara kaw rai
UnavailableWord,SentenceIn
yawng,sumlut yawng seng gara kaw rai
UnavailableWord,SentenceIn
san,san mayu ai lam hpa nga ai rai
UnavailableWord,SentenceIn
thailand,thailand kaw nga ai lusha seng ni  madun ya rit
UnavailableWord,SentenceIn
ya,thailand kaw nga ai lusha seng ni  madun ya rit
UnavailableWord,SentenceIn
sumlut,sumlut yawng seng galoi ten hpaw ai rai
UnavailableWord,SentenceIn
yawng,sumlut yawng seng galoi ten hpaw ai rai
UnavailableWord,SentenceIn
gaw,manu ni gaw gade dang rai
UnavailableWord,SentenceIn
dang,manu ni gaw gade dang rai
UnavailableWord,SentenceIn
shahpa,shahpa manu ni gaw gade daram nga ai rai
UnavailableWord,SentenceIn
gaw,shahpa manu ni gaw gade daram nga ai rai
UnavailableWord,SentenceIn
daram,shahpa manu ni gaw gade daram nga ai rai
UnavailableWord,SentenceIn
gaw,sha hpa manu ni gaw gade daram nga ai rai
UnavailableWord,SentenceIn
daram,sha hpa manu ni gaw gade daram nga ai rai
UnavailableWord,SentenceIn
gaw,manu gaw gade rai
UnavailableWord,SentenceIn
gaw,lusha manu ni gaw gade rai
UnavailableWord,SentenceIn
gaw,sha hpa manu ni gaw gade rai
UnavailableWord,SentenceIn
gaw,manu ni gaw gade rai
UnavailableWord,SentenceIn
gaw,shat mai manu ni gaw gade rai
UnavailableWord,SentenceIn
gaw,manu ni gaw gade rai
UnavailableWord,SentenceIn
gade,manu ni gaw gade rai
UnavailableWord,SentenceIn
rai,manu ni gaw gade rai
UnavailableWord,SentenceIn
sumlut,sumlut yawng seng galoi ten hpaw ai rai
UnavailableWord,SentenceIn
yawng,sumlut yawng seng galoi ten hpaw ai rai
UnavailableWord,SentenceIn
gaw,manu ni gaw gade rai
UnavailableWord,SentenceIn
chye, hpa baw seng ni chye ai rai
UnavailableWord,SentenceIn
sumlut, sumlut yawng seng  i chye
UnavailableWord,SentenceIn
yawng, sumlut yawng seng  i chye
UnavailableWord,SentenceIn
chye, sumlut yawng seng  i chye
UnavailableWord,SentenceIn
chye,   i chye
UnavailableWord,SentenceIn
sengseng,sengseng
UnavailableWord,SentenceIn
thai,thai kaw nga  seng ni  madun dan rit
UnavailableWord,SentenceIn
thai,thai kaw nga  seng ni  madun dan rit
UnavailableWord,SentenceIn
thai,thai kaw nga ai seng ni  madun rit
UnavailableWord,SentenceIn
thai,thai kaw nga  seng ni  madun dan rit
UnavailableWord,SentenceIn
thai,thai kaw nga jinghpaw seng ni  madun dan rit
UnavailableWord,SentenceIn
thai,thai kaw nga ai seng ni  madun dan rit
UnavailableWord,SentenceIn
thai,thai kaw nga ai jinghpaw seng ni  madun dan rit
UnavailableWord,SentenceIn
thai,thai kaw nga jinghpaw seng ni  madun dan rit
UnavailableWord,SentenceIn
thai,thai kaw nga ai jinghpaw seng ni  madun dan rit
UnavailableWord,SentenceIn
thai,thai kaw nga ai  seng ni  madun dan rit
UnavailableWord,SentenceIn
nnga,nnga
UnavailableWord,SentenceIn
lunsha,lunsha seng nga ai kun
UnavailableWord,SentenceIn
lunsha,lunsha seng nga ai madun rit
UnavailableWord,SentenceIn
hpan,lusha seng hpan kade nga ai chye mayu ai
UnavailableWord,SentenceIn
kade,lusha seng hpan kade nga ai chye mayu ai
UnavailableWord,SentenceIn
chye,lusha seng hpan kade nga ai chye mayu ai
UnavailableWord,SentenceIn
ya,shara madun ya rit
UnavailableWord,SentenceIn
sumlut,sumlut tang gun seng a shara madun ya rit
UnavailableWord,SentenceIn
tang,sumlut tang gun seng a shara madun ya rit
UnavailableWord,SentenceIn
gun,sumlut tang gun seng a shara madun ya rit
UnavailableWord,SentenceIn
a,sumlut tang gun seng a shara madun ya rit
UnavailableWord,SentenceIn
ya,sumlut tang gun seng a shara madun ya rit
UnavailableWord,SentenceIn
a, a shara madun ya rit
UnavailableWord,SentenceIn
ya, a shara madun ya rit
UnavailableWord,SentenceIn
sumlut,sumlut tang gun seng nga shara madun ya rit
UnavailableWord,SentenceIn
tang,sumlut tang gun seng nga shara madun ya rit
UnavailableWord,SentenceIn
gun,sumlut tang gun seng nga shara madun ya rit
UnavailableWord,SentenceIn
ya,sumlut tang gun seng nga shara madun ya rit
UnavailableWord,SentenceIn
sumlut,sumlut tang gun seng  madun rit
UnavailableWord,SentenceIn
tang,sumlut tang gun seng  madun rit
UnavailableWord,SentenceIn
gun,sumlut tang gun seng  madun rit
UnavailableWord,SentenceIn
sumlut,sumlut tang gun seng nga shara madun rit
UnavailableWord,SentenceIn
tang,sumlut tang gun seng nga shara madun rit
UnavailableWord,SentenceIn
gun,sumlut tang gun seng nga shara madun rit
UnavailableWord,SentenceIn
sumlut,sumlut tang gun seng  madun rit
UnavailableWord,SentenceIn
tang,sumlut tang gun seng  madun rit
UnavailableWord,SentenceIn
gun,sumlut tang gun seng  madun rit
UnavailableWord,SentenceIn
sumlut,sumlut tang gun seng nga shara madun rit
UnavailableWord,SentenceIn
tang,sumlut tang gun seng nga shara madun rit
UnavailableWord,SentenceIn
gun,sumlut tang gun seng nga shara madun rit
UnavailableWord,SentenceIn
sumlut,sumlut tang gun seng nga shara  madun rit
UnavailableWord,SentenceIn
tang,sumlut tang gun seng nga shara  madun rit
UnavailableWord,SentenceIn
gun,sumlut tang gun seng nga shara  madun rit
UnavailableWord,SentenceIn
sumlut,sumlut tang gun seng nga shara  madun rit
UnavailableWord,SentenceIn
tang,sumlut tang gun seng nga shara  madun rit
UnavailableWord,SentenceIn
gun,sumlut tang gun seng nga shara  madun rit
UnavailableWord,SentenceIn
sumlut,sumlut tang gun seng nga shara  madun rit
UnavailableWord,SentenceIn
tang,sumlut tang gun seng nga shara  madun rit
UnavailableWord,SentenceIn
gun,sumlut tang gun seng nga shara  madun rit
UnavailableWord,SentenceIn
sumlut,sumlut tang gun seng nga shara  madun rit
UnavailableWord,SentenceIn
tang,sumlut tang gun seng nga shara  madun rit
UnavailableWord,SentenceIn
gun,sumlut tang gun seng nga shara  madun rit
UnavailableWord,SentenceIn
sumlut,sumlut tang gun seng nga shara  madun rit
UnavailableWord,SentenceIn
tang,sumlut tang gun seng nga shara  madun rit
UnavailableWord,SentenceIn
gun,sumlut tang gun seng nga shara  madun rit
UnavailableWord,SentenceIn
sumlut,sumlut tang gun seng nga shara  madun rit
UnavailableWord,SentenceIn
tang,sumlut tang gun seng nga shara  madun rit
UnavailableWord,SentenceIn
gun,sumlut tang gun seng nga shara  madun rit
UnavailableWord,SentenceIn
sumlut,sumlut tang gun seng nga shara  madun rit
UnavailableWord,SentenceIn
tang,sumlut tang gun seng nga shara  madun rit
UnavailableWord,SentenceIn
gun,sumlut tang gun seng nga shara  madun rit
UnavailableWord,SentenceIn
sumlut,sumlut tang gun seng nga shara  madun rit
UnavailableWord,SentenceIn
tang,sumlut tang gun seng nga shara  madun rit
UnavailableWord,SentenceIn
gun,sumlut tang gun seng nga shara  madun rit
UnavailableWord,SentenceIn
sumlut,sumlut tang gun seng nga shara  madun rit
UnavailableWord,SentenceIn
tang,sumlut tang gun seng nga shara  madun rit
UnavailableWord,SentenceIn
gun,sumlut tang gun seng nga shara  madun rit
UnavailableWord,SentenceIn
sumlut,sumlut tang gun seng nga shara  madun rit
UnavailableWord,SentenceIn
tang,sumlut tang gun seng nga shara  madun rit
UnavailableWord,SentenceIn
gun,sumlut tang gun seng nga shara  madun rit
UnavailableWord,SentenceIn
sumlut,sumlut tang gun seng nga shara  madun rit
UnavailableWord,SentenceIn
tang,sumlut tang gun seng nga shara  madun rit
UnavailableWord,SentenceIn
gun,sumlut tang gun seng nga shara  madun rit
UnavailableWord,SentenceIn
sumlut,sumlut tang gun seng nga shara  madun rit
UnavailableWord,SentenceIn
tang,sumlut tang gun seng nga shara  madun rit
UnavailableWord,SentenceIn
gun,sumlut tang gun seng nga shara  madun rit
UnavailableWord,SentenceIn
sumlut,sumlut tang gun seng nga shara  madun rit
UnavailableWord,SentenceIn
tang,sumlut tang gun seng nga shara  madun rit
UnavailableWord,SentenceIn
gun,sumlut tang gun seng nga shara  madun rit
UnavailableWord,SentenceIn
sumlut,sumlut tang gun seng nga shara  madun rit
UnavailableWord,SentenceIn
tang,sumlut tang gun seng nga shara  madun rit
UnavailableWord,SentenceIn
gun,sumlut tang gun seng nga shara  madun rit
UnavailableWord,SentenceIn
sumlut,sumlut tang gun seng nga shara  madun rit
UnavailableWord,SentenceIn
tang,sumlut tang gun seng nga shara  madun rit
UnavailableWord,SentenceIn
gun,sumlut tang gun seng nga shara  madun rit
UnavailableWord,SentenceIn
sumlut,sumlut tang gun seng nga shara  madun rit
UnavailableWord,SentenceIn
tang,sumlut tang gun seng nga shara  madun rit
UnavailableWord,SentenceIn
gun,sumlut tang gun seng nga shara  madun rit
UnavailableWord,SentenceIn
sumlut,sumlut tang gun seng nga shara  madun rit
UnavailableWord,SentenceIn
tang,sumlut tang gun seng nga shara  madun rit
UnavailableWord,SentenceIn
gun,sumlut tang gun seng nga shara  madun rit
UnavailableWord,SentenceIn
sumlut,sumlut tang gun seng nga shara  madun rit
UnavailableWord,SentenceIn
tang,sumlut tang gun seng nga shara  madun rit
UnavailableWord,SentenceIn
gun,sumlut tang gun seng nga shara  madun rit
UnavailableWord,SentenceIn
sumlut,sumlut tang gun seng nga shara  madun rit
UnavailableWord,SentenceIn
tang,sumlut tang gun seng nga shara  madun rit
UnavailableWord,SentenceIn
gun,sumlut tang gun seng nga shara  madun rit
UnavailableWord,SentenceIn
sumlut,sumlut tang gun seng nga shara  madun rit
UnavailableWord,SentenceIn
tang,sumlut tang gun seng nga shara  madun rit
UnavailableWord,SentenceIn
gun,sumlut tang gun seng nga shara  madun rit
UnavailableWord,SentenceIn
sumlut,sumlut tang gun seng nga shara  madun rit
UnavailableWord,SentenceIn
tang,sumlut tang gun seng nga shara  madun rit
UnavailableWord,SentenceIn
gun,sumlut tang gun seng nga shara  madun rit
UnavailableWord,SentenceIn
sumlut,sumlut tang gun seng nga shara  madun rit
UnavailableWord,SentenceIn
tang,sumlut tang gun seng nga shara  madun rit
UnavailableWord,SentenceIn
gun,sumlut tang gun seng nga shara  madun rit
UnavailableWord,SentenceIn
sumlut,sumlut tang gun seng nga shara  madun rit
UnavailableWord,SentenceIn
tang,sumlut tang gun seng nga shara  madun rit
UnavailableWord,SentenceIn
gun,sumlut tang gun seng nga shara  madun rit
UnavailableWord,SentenceIn
sumlut,sumlut tang gun seng nga shara  madun rit
UnavailableWord,SentenceIn
tang,sumlut tang gun seng nga shara  madun rit
UnavailableWord,SentenceIn
gun,sumlut tang gun seng nga shara  madun rit
UnavailableWord,SentenceIn
sumlut,sumlut tang gun seng nga shara  madun rit
UnavailableWord,SentenceIn
tang,sumlut tang gun seng nga shara  madun rit
UnavailableWord,SentenceIn
gun,sumlut tang gun seng nga shara  madun rit
UnavailableWord,SentenceIn
sumlut,sumlut tang gun seng nga shara  madun rit
UnavailableWord,SentenceIn
tang,sumlut tang gun seng nga shara  madun rit
UnavailableWord,SentenceIn
gun,sumlut tang gun seng nga shara  madun rit
UnavailableWord,SentenceIn
sumlut,sumlut tang gun seng nga shara  madun rit
UnavailableWord,SentenceIn
tang,sumlut tang gun seng nga shara  madun rit
UnavailableWord,SentenceIn
gun,sumlut tang gun seng nga shara  madun rit
UnavailableWord,SentenceIn
sumlut,sumlut tang gun seng nga shara  madun rit
UnavailableWord,SentenceIn
tang,sumlut tang gun seng nga shara  madun rit
UnavailableWord,SentenceIn
gun,sumlut tang gun seng nga shara  madun rit
UnavailableWord,SentenceIn
sumlut,sumlut tang gun seng nga shara  madun rit
UnavailableWord,SentenceIn
tang,sumlut tang gun seng nga shara  madun rit
UnavailableWord,SentenceIn
gun,sumlut tang gun seng nga shara  madun rit
UnavailableWord,SentenceIn
sumlut,sumlut tang gun seng nga shara  madun rit
UnavailableWord,SentenceIn
tang,sumlut tang gun seng nga shara  madun rit
UnavailableWord,SentenceIn
gun,sumlut tang gun seng nga shara  madun rit
UnavailableWord,SentenceIn
sumlut,sumlut tang gun seng  madun rit
UnavailableWord,SentenceIn
tang,sumlut tang gun seng  madun rit
UnavailableWord,SentenceIn
gun,sumlut tang gun seng  madun rit
UnavailableWord,SentenceIn
sumlut,sumlut tang gun seng  madun rit
UnavailableWord,SentenceIn
tang,sumlut tang gun seng  madun rit
UnavailableWord,SentenceIn
gun,sumlut tang gun seng  madun rit
UnavailableWord,SentenceIn
sumlut,sumlut tang gun seng  madun rit
UnavailableWord,SentenceIn
tang,sumlut tang gun seng  madun rit
UnavailableWord,SentenceIn
gun,sumlut tang gun seng  madun rit
UnavailableWord,SentenceIn
sumlut,sumlut tang gun seng  madun rit
UnavailableWord,SentenceIn
tang,sumlut tang gun seng  madun rit
UnavailableWord,SentenceIn
gun,sumlut tang gun seng  madun rit
UnavailableWord,SentenceIn
baw,chiang mai kaw hpaw baw seng ni nga ai kun
UnavailableWord,SentenceIn
sumlut,sumlut tang gun seng gara shara kaw kun
UnavailableWord,SentenceIn
tang,sumlut tang gun seng gara shara kaw kun
UnavailableWord,SentenceIn
gun,sumlut tang gun seng gara shara kaw kun
UnavailableWord,SentenceIn
shara kaw,sumlut tang gun seng gara shara kaw kun
UnavailableWord,SentenceIn
shara kaw, gara shara kaw kun
UnavailableWord,SentenceIn
sumlut,sumlut tang gun seng gara shara kaw rai
UnavailableWord,SentenceIn
tang,sumlut tang gun seng gara shara kaw rai
UnavailableWord,SentenceIn
gun,sumlut tang gun seng gara shara kaw rai
UnavailableWord,SentenceIn
matut,gara hku matut mahkai na rai
UnavailableWord,SentenceIn
mahkai,gara hku matut mahkai na rai
UnavailableWord,SentenceIn
matut,matut mahkai madun rit
UnavailableWord,SentenceIn
mahkai,matut mahkai madun rit
UnavailableWord,SentenceIn
matut,matut ra rit
UnavailableWord,SentenceIn
matutna,matutna lam
UnavailableWord,SentenceIn
matut,matut na lam
UnavailableWord,SentenceIn
sumlut,sumlut tang gun seng a lam tsun dan rit
UnavailableWord,SentenceIn
tang,sumlut tang gun seng a lam tsun dan rit
UnavailableWord,SentenceIn
gun,sumlut tang gun seng a lam tsun dan rit
UnavailableWord,SentenceIn
a,sumlut tang gun seng a lam tsun dan rit
UnavailableWord,SentenceIn
a, a lam tsun dan rit
UnavailableWord,SentenceIn
night,night bazaar shan ju seng  madun rit
UnavailableWord,SentenceIn
bazaar,night bazaar shan ju seng  madun rit
UnavailableWord,SentenceIn
thai,thai kaw nga ai seng ni  madun rit
UnavailableWord,SentenceIn
sumlut,sumlut tang gun seng a lam tsun dan rit
UnavailableWord,SentenceIn
tang,sumlut tang gun seng a lam tsun dan rit
UnavailableWord,SentenceIn
gun,sumlut tang gun seng a lam tsun dan rit
UnavailableWord,SentenceIn
a,sumlut tang gun seng a lam tsun dan rit
UnavailableWord,SentenceIn
a, a lam tsun dan rit
UnavailableWord,SentenceIn
sumlut,sumlut tang gun seng a lam tsun dan rit
UnavailableWord,SentenceIn
tang,sumlut tang gun seng a lam tsun dan rit
UnavailableWord,SentenceIn
gun,sumlut tang gun seng a lam tsun dan rit
UnavailableWord,SentenceIn
a,sumlut tang gun seng a lam tsun dan rit
UnavailableWord,SentenceIn
a, a lam tsun dan rit
UnavailableWord,SentenceIn
sumlut,sumlut tang gun seng a lam tsun dan rit
UnavailableWord,SentenceIn
tang,sumlut tang gun seng a lam tsun dan rit
UnavailableWord,SentenceIn
gun,sumlut tang gun seng a lam tsun dan rit
UnavailableWord,SentenceIn
a,sumlut tang gun seng a lam tsun dan rit
UnavailableWord,SentenceIn
a, a lam tsun dan rit
UnavailableWord,SentenceIn
sumlut,sumlut tang gun seng a lam tsun dan rit
UnavailableWord,SentenceIn
tang,sumlut tang gun seng a lam tsun dan rit
UnavailableWord,SentenceIn
gun,sumlut tang gun seng a lam tsun dan rit
UnavailableWord,SentenceIn
a,sumlut tang gun seng a lam tsun dan rit
UnavailableWord,SentenceIn
a, a lam tsun dan rit
UnavailableWord,SentenceIn
sumlut,sumlut tang gun seng a lam tsun dan rit
UnavailableWord,SentenceIn
tang,sumlut tang gun seng a lam tsun dan rit
UnavailableWord,SentenceIn
gun,sumlut tang gun seng a lam tsun dan rit
UnavailableWord,SentenceIn
a,sumlut tang gun seng a lam tsun dan rit
UnavailableWord,SentenceIn
a, a lam tsun dan rit
UnavailableWord,SentenceIn
sumlut,sumlut yawng seng  madun rit
UnavailableWord,SentenceIn
yawng,sumlut yawng seng  madun rit
UnavailableWord,SentenceIn
sumlut,sumlut yawng seng  madun rit
UnavailableWord,SentenceIn
yawng,sumlut yawng seng  madun rit
UnavailableWord,SentenceIn
sumlut,sumlut yawng seng  madun rit
UnavailableWord,SentenceIn
yawng,sumlut yawng seng  madun rit
UnavailableWord,SentenceIn
sumlut,sumlut yawng seng  madun rit
UnavailableWord,SentenceIn
yawng,sumlut yawng seng  madun rit
UnavailableWord,SentenceIn
sumlut,sumlut yawng seng  madun rit
UnavailableWord,SentenceIn
yawng,sumlut yawng seng  madun rit
UnavailableWord,SentenceIn
sumlut,sumlut yawng seng  madun rit
UnavailableWord,SentenceIn
yawng,sumlut yawng seng  madun rit
UnavailableWord,SentenceIn
gaw,phone gaw hpa baw rai
UnavailableWord,SentenceIn
ndai,ndai app  mungdan shagu mai lang ai i
UnavailableWord,SentenceIn
app,ndai app  mungdan shagu mai lang ai i
UnavailableWord,SentenceIn
mungdan,ndai app  mungdan shagu mai lang ai i
UnavailableWord,SentenceIn
shagu,ndai app  mungdan shagu mai lang ai i
UnavailableWord,SentenceIn
lang,ndai app  mungdan shagu mai lang ai i
UnavailableWord,SentenceIn
gaw,manu ni gaw kade rai
UnavailableWord,SentenceIn
kade,manu ni gaw kade rai
UnavailableWord,SentenceIn
a,shan ju seng a lam tsun dan rit
UnavailableWord,SentenceIn
a,chiang mai kaw nga ai shan ju seng a lam tsun dan rit
UnavailableWord,SentenceIn
night,night bazaar shan ju seng kaw hpa baw ni lu ai kun
UnavailableWord,SentenceIn
bazaar,night bazaar shan ju seng kaw hpa baw ni lu ai kun
UnavailableWord,SentenceIn
night,night bazaar shan ju seng  madun rit
UnavailableWord,SentenceIn
bazaar,night bazaar shan ju seng  madun rit
UnavailableWord,SentenceIn
night,night bazaar shan ju seng kaw hpa baw ni lu ai rai
UnavailableWord,SentenceIn
bazaar,night bazaar shan ju seng kaw hpa baw ni lu ai rai
UnavailableWord,SentenceIn
night,night bazaar shan ju seng kaw hpa baw lu sha ni lu ai kun
UnavailableWord,SentenceIn
bazaar,night bazaar shan ju seng kaw hpa baw lu sha ni lu ai kun
UnavailableWord,SentenceIn
dai,dai kaw hpa baw lu hpa ni lu ai kun
UnavailableWord,SentenceIn
night,night bazaar shan ju seng kaw hpa baw lu ai kun
UnavailableWord,SentenceIn
bazaar,night bazaar shan ju seng kaw hpa baw lu ai kun
UnavailableWord,SentenceIn
night,night bazaar shan ju seng kaw hpa baw ni lu ai rai
UnavailableWord,SentenceIn
bazaar,night bazaar shan ju seng kaw hpa baw ni lu ai rai
UnavailableWord,SentenceIn
sunlut,sunlut yawng seng kaw hpa baw ni lu ai rai
UnavailableWord,SentenceIn
yawng,sunlut yawng seng kaw hpa baw ni lu ai rai
UnavailableWord,SentenceIn
sumlut,sumlut yawng seng na matut mahkai  tsun dan rit
UnavailableWord,SentenceIn
yawng,sumlut yawng seng na matut mahkai  tsun dan rit
UnavailableWord,SentenceIn
sumlut,sumlut yawng seng na matut mahkai  tsun dan rit
UnavailableWord,SentenceIn
yawng,sumlut yawng seng na matut mahkai  tsun dan rit
UnavailableWord,SentenceIn
sumlut,sumlut yawng seng kaw hpa baw ni lu ai rai
UnavailableWord,SentenceIn
yawng,sumlut yawng seng kaw hpa baw ni lu ai rai
UnavailableWord,SentenceIn
sumlut,sumlut yawng seng kaw hpa baw lusha ni lu ai rai
UnavailableWord,SentenceIn
yawng,sumlut yawng seng kaw hpa baw lusha ni lu ai rai
UnavailableWord,SentenceIn
sumlut,sumlut yawng seng kaw hpa baw lusha ni lu ai rai
UnavailableWord,SentenceIn
yawng,sumlut yawng seng kaw hpa baw lusha ni lu ai rai
UnavailableWord,SentenceIn
sumlut,sumlut yawng seng kaw hpa baw ni lu ai rai
UnavailableWord,SentenceIn
yawng,sumlut yawng seng kaw hpa baw ni lu ai rai
UnavailableWord,SentenceIn
sumlut,sumlut yawng seng kaw hpa baw ni lu ai rai
UnavailableWord,SentenceIn
yawng,sumlut yawng seng kaw hpa baw ni lu ai rai
UnavailableWord,SentenceIn
nna,lu sha  seng nna gra hpan lu sha seng ni nga ai rai
UnavailableWord,SentenceIn
gra,lu sha  seng nna gra hpan lu sha seng ni nga ai rai
UnavailableWord,SentenceIn
hpan,lu sha  seng nna gra hpan lu sha seng ni nga ai rai
UnavailableWord,SentenceIn
mying,lu sha seng mying ni gaw gra hku rai
UnavailableWord,SentenceIn
gaw,lu sha seng mying ni gaw gra hku rai
UnavailableWord,SentenceIn
gra,lu sha seng mying ni gaw gra hku rai
UnavailableWord,SentenceIn
kade,chiang mai kaw seng kade nga sai rai 
UnavailableWord,SentenceIn
gat,gat seng yawng kade re sai rai
UnavailableWord,SentenceIn
yawng,gat seng yawng kade re sai rai
UnavailableWord,SentenceIn
kade,gat seng yawng kade re sai rai
UnavailableWord,SentenceIn
re,gat seng yawng kade re sai rai
UnavailableWord,SentenceIn
kade,chiang mai kaw seng hpa kade nga ai rai
UnavailableWord,SentenceIn
hkrak,hkrak dik shat seng mying chye mayu ai
UnavailableWord,SentenceIn
dik,hkrak dik shat seng mying chye mayu ai
UnavailableWord,SentenceIn
mying,hkrak dik shat seng mying chye mayu ai
UnavailableWord,SentenceIn
chye,hkrak dik shat seng mying chye mayu ai
UnavailableWord,SentenceIn
dik, nga ai shara  ni dik ai chiang mai shat seng chye mayu ai
UnavailableWord,SentenceIn
chye, nga ai shara  ni dik ai chiang mai shat seng chye mayu ai
UnavailableWord,SentenceIn
sumlut,sumlut tang gun seng kaw hpa ni mai lu ai rai
UnavailableWord,SentenceIn
tang,sumlut tang gun seng kaw hpa ni mai lu ai rai
UnavailableWord,SentenceIn
gun,sumlut tang gun seng kaw hpa ni mai lu ai rai
UnavailableWord,SentenceIn
gaw,u shan shat mai gaw kade rai
UnavailableWord,SentenceIn
kade,u shan shat mai gaw kade rai
UnavailableWord,SentenceIn
gaw,wa shan shat mai gaw gara hku dut ai rai
UnavailableWord,SentenceIn
dut,wa shan shat mai gaw gara hku dut ai rai
UnavailableWord,SentenceIn
nam,hpa baw nam lap shat mai ni mai lu ai rai
UnavailableWord,SentenceIn
lap,hpa baw nam lap shat mai ni mai lu ai rai
UnavailableWord,SentenceIn
sengseng,sengseng
UnavailableWord,SentenceIn
sengseng,sengseng 
UnavailableWord,SentenceIn
sengseng,sengseng
UnavailableWord,SentenceIn
hkrak,hkrak sai
UnavailableWord,SentenceIn
thai,thai mung kaw nga ai seng ni  tsun dan rit
UnavailableWord,SentenceIn
mung,thai mung kaw nga ai seng ni  tsun dan rit
UnavailableWord,SentenceIn
sumlut,sumlut tang gun seng galoi ten hpaw ai rai
UnavailableWord,SentenceIn
tang,sumlut tang gun seng galoi ten hpaw ai rai
UnavailableWord,SentenceIn
gun,sumlut tang gun seng galoi ten hpaw ai rai
UnavailableWord,SentenceIn
sumlut,sumlut tang gun seng kaw hpa baw ni lu ai rai
UnavailableWord,SentenceIn
tang,sumlut tang gun seng kaw hpa baw ni lu ai rai
UnavailableWord,SentenceIn
gun,sumlut tang gun seng kaw hpa baw ni lu ai rai
UnavailableWord,SentenceIn
gaw,manu gaw gade sen dang rai
UnavailableWord,SentenceIn
sen,manu gaw gade sen dang rai
UnavailableWord,SentenceIn
dang,manu gaw gade sen dang rai
UnavailableWord,SentenceIn
sumlut,sumlut yawng htang seng kaw hpa baw ni lu ai rai
UnavailableWord,SentenceIn
yawng,sumlut yawng htang seng kaw hpa baw ni lu ai rai
UnavailableWord,SentenceIn
htang,sumlut yawng htang seng kaw hpa baw ni lu ai rai
UnavailableWord,SentenceIn
sumlut,sumlut yawng seng kaw hpa baw ni lu ai rai
UnavailableWord,SentenceIn
yawng,sumlut yawng seng kaw hpa baw ni lu ai rai
UnavailableWord,SentenceIn
dang,manu gade dang nga ai rai
UnavailableWord,SentenceIn
yang,gara yang kaw nga ai kun
UnavailableWord,SentenceIn
sa,hpa baw  mai sa na rai
UnavailableWord,SentenceIn
sengseng,sengseng
UnavailableWord,SentenceIn
ok,ok
UnavailableWord,SentenceIn
thai,thai kaw hpa baw lusha seng ni nga ai rai
UnavailableWord,SentenceIn
thai,thai mung kaw hpa baw lusha seng ni nga ai rai
UnavailableWord,SentenceIn
mung,thai mung kaw hpa baw lusha seng ni nga ai rai
UnavailableWord,SentenceIn
[at,[at
UnavailableWord,SentenceIn
myitkyina,myitkyina kaw hpa baw seng ni nga ai rai
UnavailableWord,SentenceIn
myitkyina,myitkyina kaw hpa baw seng ni nga ai rai
UnavailableWord,SentenceIn
myitkyina,myitkyina kaw hpa baw seng ni nga ai rai
UnavailableWord,SentenceIn
myitkyina,myitkyina kaw hpa baw seng ni nga ai rai
UnavailableWord,SentenceIn
myitkyina,myitkyina kaw hpa baw seng ni nga ai rai
UnavailableWord,SentenceIn
myitkyina,myitkyina kaw hpa baw seng ni nga ai rai
UnavailableWord,SentenceIn
myitkyina,myitkyina kaw hpa baw seng ni nga ai rai
UnavailableWord,SentenceIn
myitkyina,myitkyina kaw hpa baw seng ni nga ai rai
UnavailableWord,SentenceIn
myitkyina,myitkyina kaw hpa baw seng ni nga ai rai
UnavailableWord,SentenceIn
myenmung,myenmung kaw hpa baw seng ni nga ai rai
UnavailableWord,SentenceIn
myenmung,myenmung kaw hpa baw seng ni nga ai rai
UnavailableWord,SentenceIn
myenmung,myenmung kaw hpa baw seng ni nga ai rai
UnavailableWord,SentenceIn
myenmung,myenmung kaw hpa baw seng ni nga ai rai
UnavailableWord,SentenceIn
myenmung,myenmung kaw hpa baw seng ni nga ai rai
UnavailableWord,SentenceIn
myenmung,myenmung kaw hpa baw seng ni nga ai rai
UnavailableWord,SentenceIn
myenmung,myenmung kaw hpa baw seng ni nga ai rai
UnavailableWord,SentenceIn
myenmung,myenmung kaw hpa baw seng ni nga ai rai
UnavailableWord,SentenceIn
myenmung,myenmung kaw hpa baw seng ni nga ai rai
UnavailableWord,SentenceIn
sumlut,sumlut yawng seng  madun rit
UnavailableWord,SentenceIn
yawng,sumlut yawng seng  madun rit
UnavailableWord,SentenceIn
mying,lusha mying ni gaw ha baw ni nga ai rai
UnavailableWord,SentenceIn
gaw,lusha mying ni gaw ha baw ni nga ai rai
UnavailableWord,SentenceIn
ha,lusha mying ni gaw ha baw ni nga ai rai
UnavailableWord,SentenceIn
baw,lusha mying ni gaw ha baw ni nga ai rai
UnavailableWord,SentenceIn
kaga,kaga ha baw lusha hpan ni naw lu ai rai
UnavailableWord,SentenceIn
ha,kaga ha baw lusha hpan ni naw lu ai rai
UnavailableWord,SentenceIn
baw,kaga ha baw lusha hpan ni naw lu ai rai
UnavailableWord,SentenceIn
hpan,kaga ha baw lusha hpan ni naw lu ai rai
UnavailableWord,SentenceIn
naw,kaga ha baw lusha hpan ni naw lu ai rai
UnavailableWord,SentenceIn
gaw,lusha manu ni gaw gra hku rai
UnavailableWord,SentenceIn
gra,lusha manu ni gaw gra hku rai
UnavailableWord,SentenceIn
sumlut,sumlut yawng seng  madun rit
UnavailableWord,SentenceIn
yawng,sumlut yawng seng  madun rit
UnavailableWord,SentenceIn
chaing,chaing mai kaw nga ai seng ni  madun rit
UnavailableWord,SentenceIn
sumlut,sumlut yawng seng  madun rit
UnavailableWord,SentenceIn
yawng,sumlut yawng seng  madun rit
UnavailableWord,SentenceIn
sumlut,sumlut yawng seng  madun rit
UnavailableWord,SentenceIn
yawng,sumlut yawng seng  madun rit
UnavailableWord,SentenceIn
a,seng a lam tsun dan rit
UnavailableWord,SentenceIn
night,night bazaar shan ju seng  tsun dan rit
UnavailableWord,SentenceIn
bazaar,night bazaar shan ju seng  tsun dan rit
UnavailableWord,SentenceIn
sumlut,sumlut tang gun seng gara kaw rai
UnavailableWord,SentenceIn
tang,sumlut tang gun seng gara kaw rai
UnavailableWord,SentenceIn
gun,sumlut tang gun seng gara kaw rai
UnavailableWord,SentenceIn
sumlut,sumlut tang gun seng kaw hpa baw ni mai lu ai rai
UnavailableWord,SentenceIn
tang,sumlut tang gun seng kaw hpa baw ni mai lu ai rai
UnavailableWord,SentenceIn
gun,sumlut tang gun seng kaw hpa baw ni mai lu ai rai
UnavailableWord,SentenceIn
sumlut,sumlut yawng htang seng na manu kade rai
UnavailableWord,SentenceIn
yawng,sumlut yawng htang seng na manu kade rai
UnavailableWord,SentenceIn
htang,sumlut yawng htang seng na manu kade rai
UnavailableWord,SentenceIn
kade,sumlut yawng htang seng na manu kade rai
UnavailableWord,SentenceIn
sumlut,sumlut yawng htang seng kaw hpa baw ni mai lu ai rai/
UnavailableWord,SentenceIn
yawng,sumlut yawng htang seng kaw hpa baw ni mai lu ai rai/
UnavailableWord,SentenceIn
htang,sumlut yawng htang seng kaw hpa baw ni mai lu ai rai/
UnavailableWord,SentenceIn
sumlut,sumlut yawng seng na manu kade rai
UnavailableWord,SentenceIn
yawng,sumlut yawng seng na manu kade rai
UnavailableWord,SentenceIn
kade,sumlut yawng seng na manu kade rai
UnavailableWord,SentenceIn
kade, na manu kade rai
UnavailableWord,SentenceIn
sumlut,sumlut yawng seng kaw hpa baw ni mai lu ai rai
UnavailableWord,SentenceIn
yawng,sumlut yawng seng kaw hpa baw ni mai lu ai rai
UnavailableWord,SentenceIn
hpat,hpat si yo manu kade rai
UnavailableWord,SentenceIn
yo,hpat si yo manu kade rai
UnavailableWord,SentenceIn
kade,hpat si yo manu kade rai
UnavailableWord,SentenceIn
kade,seng kade nga sai rai
UnavailableWord,SentenceIn
gaw,chiang mai gaw  arai dut ai seng nga ai i
UnavailableWord,SentenceIn
arai,chiang mai gaw  arai dut ai seng nga ai i
UnavailableWord,SentenceIn
dut,chiang mai gaw  arai dut ai seng nga ai i
UnavailableWord,SentenceIn
sumlut,sumlut yawng seng
UnavailableWord,SentenceIn
yawng,sumlut yawng seng
UnavailableWord,SentenceIn
jing,jing hpaw palawng nga ai i
UnavailableWord,SentenceIn
palawng,jing hpaw palawng nga ai i
UnavailableWord,SentenceIn
hkahku,hkahku palawng nga ai 
UnavailableWord,SentenceIn
palawng,hkahku palawng nga ai 
UnavailableWord,SentenceIn
labu,labu palawng ni gara hku dut ai rai
UnavailableWord,SentenceIn
palawng,labu palawng ni gara hku dut ai rai
UnavailableWord,SentenceIn
dut,labu palawng ni gara hku dut ai rai
UnavailableWord,SentenceIn
gaw,lu sha gaw hpa ni nga ai rai
UnavailableWord,SentenceIn
ju,wa shan ju gaw gara hku dut ai rai
UnavailableWord,SentenceIn
gaw,wa shan ju gaw gara hku dut ai rai
UnavailableWord,SentenceIn
dut,wa shan ju gaw gara hku dut ai rai
UnavailableWord,SentenceIn
shatmai,shat shatmai ni hpa ni nga ai rai
UnavailableWord,SentenceIn
shamu,shamu ai seng
UnavailableWord,SentenceIn
ma,gara ma sha mu dik htum rai
UnavailableWord,SentenceIn
dik,gara ma sha mu dik htum rai
UnavailableWord,SentenceIn
htum,gara ma sha mu dik htum rai
UnavailableWord,SentenceIn
ya,ya ten shat seng ni hpaw ai kun
UnavailableWord,SentenceIn
gaw,tsa seng gaw taw
UnavailableWord,SentenceIn
sumlut,sumlut yawng seng kaw hpa baw ni nga ai rai
UnavailableWord,SentenceIn
yawng,sumlut yawng seng kaw hpa baw ni nga ai rai
UnavailableWord,SentenceIn
gaw,manu ni gaw gade rai
UnavailableWord,SentenceIn
sumlut,sumlut tang gun seng na lusha manu ni gaw gade rai
UnavailableWord,SentenceIn
tang,sumlut tang gun seng na lusha manu ni gaw gade rai
UnavailableWord,SentenceIn
gun,sumlut tang gun seng na lusha manu ni gaw gade rai
UnavailableWord,SentenceIn
gaw,sumlut tang gun seng na lusha manu ni gaw gade rai
UnavailableWord,SentenceIn
gaw, na lusha manu ni gaw gade rai
UnavailableWord,SentenceIn
sumlut,sumlut tang gun seng na lusha ni  manu ni
UnavailableWord,SentenceIn
tang,sumlut tang gun seng na lusha ni  manu ni
UnavailableWord,SentenceIn
gun,sumlut tang gun seng na lusha ni  manu ni
UnavailableWord,SentenceIn
7eleven,7eleven kaw hpa ni nga ai
UnavailableWord,SentenceIn
chiangmai,chiangmai kaw nhpa shat seng ni nga ai
UnavailableWord,SentenceIn
nhpa,chiangmai kaw nhpa shat seng ni nga ai
UnavailableWord,SentenceIn
chiangmai,chiangmai kaw na shan ju seng ni
UnavailableWord,SentenceIn
chiangmai,chiangmai kaw nhpa shan ju seng ni nga ai
UnavailableWord,SentenceIn
nhpa,chiangmai kaw nhpa shan ju seng ni nga ai
UnavailableWord,SentenceIn
night,night bazaar manu ni
UnavailableWord,SentenceIn
bazaar,night bazaar manu ni
UnavailableWord,SentenceIn
night,night bazaar manu
UnavailableWord,SentenceIn
bazaar,night bazaar manu
UnavailableWord,SentenceIn
night,night bazaar shan ju seng manu ni kade rai
UnavailableWord,SentenceIn
bazaar,night bazaar shan ju seng manu ni kade rai
UnavailableWord,SentenceIn
kade,night bazaar shan ju seng manu ni kade rai
UnavailableWord,SentenceIn
kade, manu ni kade rai
UnavailableWord,SentenceIn
night,night bazaar shan ju seng manu ni gade rai
UnavailableWord,SentenceIn
bazaar,night bazaar shan ju seng manu ni gade rai
UnavailableWord,SentenceIn
thailand,thailand kaw shat seng gade nga ai rai
UnavailableWord,SentenceIn
thailand,thailand kaw lusha seng kade nga ai rai
UnavailableWord,SentenceIn
kade,thailand kaw lusha seng kade nga ai rai
UnavailableWord,SentenceIn
thailand,thailand kaw lusha seng gade nga ai rai
UnavailableWord,SentenceIn
thailand,thailand kaw shat seng kade nga ai rai
UnavailableWord,SentenceIn
kade,thailand kaw shat seng kade nga ai rai
UnavailableWord,SentenceIn
sumlut,sumlut tang gun seng kaw hpa arai ni dut ai rai
UnavailableWord,SentenceIn
tang,sumlut tang gun seng kaw hpa arai ni dut ai rai
UnavailableWord,SentenceIn
gun,sumlut tang gun seng kaw hpa arai ni dut ai rai
UnavailableWord,SentenceIn
arai,sumlut tang gun seng kaw hpa arai ni dut ai rai
UnavailableWord,SentenceIn
dut,sumlut tang gun seng kaw hpa arai ni dut ai rai
UnavailableWord,SentenceIn
arai, kaw hpa arai ni dut ai rai
UnavailableWord,SentenceIn
dut, kaw hpa arai ni dut ai rai
UnavailableWord,SentenceIn
sumlut,sumlut yawng seng kaw hpa baw ni nga ai rai
UnavailableWord,SentenceIn
yawng,sumlut yawng seng kaw hpa baw ni nga ai rai
UnavailableWord,SentenceIn
yawng, seng ni yawng gaw gade ram nga sai rai
UnavailableWord,SentenceIn
gaw, seng ni yawng gaw gade ram nga sai rai
UnavailableWord,SentenceIn
ram, seng ni yawng gaw gade ram nga sai rai
UnavailableWord,SentenceIn
dai,dai seng 4 gaw official i
UnavailableWord,SentenceIn
4,dai seng 4 gaw official i
UnavailableWord,SentenceIn
gaw,dai seng 4 gaw official i
UnavailableWord,SentenceIn
official,dai seng 4 gaw official i
UnavailableWord,SentenceIn
rai,rai sai
UnavailableWord,SentenceIn
sumlut,sumlut yawng seng kaw hpa baw ni nga ai rai
UnavailableWord,SentenceIn
yawng,sumlut yawng seng kaw hpa baw ni nga ai rai
UnavailableWord,SentenceIn
sumlut,sumlut yawng seng gaw hpa baw seng rai
UnavailableWord,SentenceIn
yawng,sumlut yawng seng gaw hpa baw seng rai
UnavailableWord,SentenceIn
gaw,sumlut yawng seng gaw hpa baw seng rai
UnavailableWord,SentenceIn
gaw, gaw hpa baw seng rai
UnavailableWord,SentenceIn
sumlut,sumlut yawng seng gaw hpa baw seng rai
UnavailableWord,SentenceIn
yawng,sumlut yawng seng gaw hpa baw seng rai
UnavailableWord,SentenceIn
gaw,sumlut yawng seng gaw hpa baw seng rai
UnavailableWord,SentenceIn
gaw, gaw hpa baw seng rai
UnavailableWord,SentenceIn
sumlut,sumlut yawng seng gaw hpa baw seng rai
UnavailableWord,SentenceIn
yawng,sumlut yawng seng gaw hpa baw seng rai
UnavailableWord,SentenceIn
gaw,sumlut yawng seng gaw hpa baw seng rai
UnavailableWord,SentenceIn
gaw, gaw hpa baw seng rai
UnavailableWord,SentenceIn
3,3
UnavailableWord,SentenceIn
sumlut,sumlut tang gun seng kaw hpa ni dut ai rai
UnavailableWord,SentenceIn
tang,sumlut tang gun seng kaw hpa ni dut ai rai
UnavailableWord,SentenceIn
gun,sumlut tang gun seng kaw hpa ni dut ai rai
UnavailableWord,SentenceIn
jaw,u shan shat mai kade jaw ra ai rai
UnavailableWord,SentenceIn
gade,u shan shat mai gade jaw ra ai rai
UnavailableWord,SentenceIn
jaw,u shan shat mai gade jaw ra ai rai
UnavailableWord,SentenceIn
gade,u shan shat mai gade rai
UnavailableWord,SentenceIn
gade,u shan shat mai manu gade rai
UnavailableWord,SentenceIn
night,night bazaar shan ju seng kaw hpa ni nga ai rai
UnavailableWord,SentenceIn
bazaar,night bazaar shan ju seng kaw hpa ni nga ai rai
UnavailableWord,SentenceIn
ju,wa shan ju manu kade rai
UnavailableWord,SentenceIn
wedding, wedding dress gara seng kaw kaja ai rai
UnavailableWord,SentenceIn
dress, wedding dress gara seng kaw kaja ai rai
UnavailableWord,SentenceIn
kara,lusha seng kara kaw kaja ai
UnavailableWord,SentenceIn
lashio,lashio kaw nga ai lusha seng
UnavailableWord,SentenceIn
jap,jap ai lusha seng 
UnavailableWord,SentenceIn
mari,wa shan gara kaw mai mari ai rai
UnavailableWord,SentenceIn
namsi,namsi sha mayu ai gara kaw mai lu ai rai
UnavailableWord,SentenceIn
namsi,namsi sha mayu ai gara kaw dut ai rai
UnavailableWord,SentenceIn
ok,ok
UnavailableWord,SentenceIn
an,an n gup  manu htap htuk ai lusha seng nga ai kun
UnavailableWord,SentenceIn
n,an n gup  manu htap htuk ai lusha seng nga ai kun
UnavailableWord,SentenceIn
gup,an n gup  manu htap htuk ai lusha seng nga ai kun
UnavailableWord,SentenceIn
htap,an n gup  manu htap htuk ai lusha seng nga ai kun
UnavailableWord,SentenceIn
htuk,an n gup  manu htap htuk ai lusha seng nga ai kun
UnavailableWord,SentenceIn
anhte,anhte n gup hte manu htap htuk ai lusha seng nga ai i
UnavailableWord,SentenceIn
n,anhte n gup hte manu htap htuk ai lusha seng nga ai i
UnavailableWord,SentenceIn
gup,anhte n gup hte manu htap htuk ai lusha seng nga ai i
UnavailableWord,SentenceIn
hte,anhte n gup hte manu htap htuk ai lusha seng nga ai i
UnavailableWord,SentenceIn
htap,anhte n gup hte manu htap htuk ai lusha seng nga ai i
UnavailableWord,SentenceIn
htuk,anhte n gup hte manu htap htuk ai lusha seng nga ai i
UnavailableWord,SentenceIn
mawdaw,mawdaw sha ai seng i nga rai
UnavailableWord,SentenceIn
sumlut,sumlut yawng seng kaw hpa baw ni lu ai kun
UnavailableWord,SentenceIn
yawng,sumlut yawng seng kaw hpa baw ni lu ai kun
UnavailableWord,SentenceIn
sumlut,sumlut yawng seng kaw hpa baw ni lu ai rai
UnavailableWord,SentenceIn
yawng,sumlut yawng seng kaw hpa baw ni lu ai rai
UnavailableWord,SentenceIn
sumlut,sumlut tang gun seng kaw gaw hpa baw lu ai rai
UnavailableWord,SentenceIn
tang,sumlut tang gun seng kaw gaw hpa baw lu ai rai
UnavailableWord,SentenceIn
gun,sumlut tang gun seng kaw gaw hpa baw lu ai rai
UnavailableWord,SentenceIn
gaw,sumlut tang gun seng kaw gaw hpa baw lu ai rai
UnavailableWord,SentenceIn
gaw, kaw gaw hpa baw lu ai rai
UnavailableWord,SentenceIn
hpat,hpat si yo wan mi kade rai 
UnavailableWord,SentenceIn
yo,hpat si yo wan mi kade rai 
UnavailableWord,SentenceIn
wan,hpat si yo wan mi kade rai 
UnavailableWord,SentenceIn
mi,hpat si yo wan mi kade rai 
UnavailableWord,SentenceIn
hpat,hpat si yo wan mi gade rai
UnavailableWord,SentenceIn
yo,hpat si yo wan mi gade rai
UnavailableWord,SentenceIn
wan,hpat si yo wan mi gade rai
UnavailableWord,SentenceIn
mi,hpat si yo wan mi gade rai
UnavailableWord,SentenceIn
gade,hpat si yo wan mi gade rai
UnavailableWord,SentenceIn
dang,manu kade dang ai rai
UnavailableWord,SentenceIn
7eleven,7eleven hkan gaw hpa baw ni mai lu ai kun
UnavailableWord,SentenceIn
hkan,7eleven hkan gaw hpa baw ni mai lu ai kun
UnavailableWord,SentenceIn
gaw,7eleven hkan gaw hpa baw ni mai lu ai kun
UnavailableWord,SentenceIn
hkan, hkan gaw hpa baw ni mai lu ai kun
UnavailableWord,SentenceIn
gaw, hkan gaw hpa baw ni mai lu ai kun
UnavailableWord,SentenceIn
7eleven,7eleven kaw gaw hpa baw ni nga ai kun
UnavailableWord,SentenceIn
gaw,7eleven kaw gaw hpa baw ni nga ai kun
UnavailableWord,SentenceIn
gaw, kaw gaw hpa baw ni nga ai kun
UnavailableWord,SentenceIn
7eleven,7eleven kaw gaw hpa baw ni nga ai rai
UnavailableWord,SentenceIn
gaw,7eleven kaw gaw hpa baw ni nga ai rai
UnavailableWord,SentenceIn
gaw, kaw gaw hpa baw ni nga ai rai
UnavailableWord,SentenceIn
7eleven,7eleven hkan gaw hpa baw ni mai lu ai rai
UnavailableWord,SentenceIn
hkan,7eleven hkan gaw hpa baw ni mai lu ai rai
UnavailableWord,SentenceIn
gaw,7eleven hkan gaw hpa baw ni mai lu ai rai
UnavailableWord,SentenceIn
hkan, hkan gaw hpa baw ni mai lu ai rai
UnavailableWord,SentenceIn
gaw, hkan gaw hpa baw ni mai lu ai rai
UnavailableWord,SentenceIn
suki,suki seng gara kaw nga ai rai
UnavailableWord,SentenceIn
night,night bazaar shan ju seng kaw na wa shan ju mai lu ai kun
UnavailableWord,SentenceIn
bazaar,night bazaar shan ju seng kaw na wa shan ju mai lu ai kun
UnavailableWord,SentenceIn
ju,night bazaar shan ju seng kaw na wa shan ju mai lu ai kun
UnavailableWord,SentenceIn
ju, kaw na wa shan ju mai lu ai kun
UnavailableWord,SentenceIn
night,night bazaar shan ju seng hkying kade kaw na hpaw hpang ai kun
UnavailableWord,SentenceIn
bazaar,night bazaar shan ju seng hkying kade kaw na hpaw hpang ai kun
UnavailableWord,SentenceIn
hpang,night bazaar shan ju seng hkying kade kaw na hpaw hpang ai kun
UnavailableWord,SentenceIn
hpang, hkying kade kaw na hpaw hpang ai kun
UnavailableWord,SentenceIn
night,night bazaar shan ju seng hkying kade kaw na hpaw hpang ai rai
UnavailableWord,SentenceIn
bazaar,night bazaar shan ju seng hkying kade kaw na hpaw hpang ai rai
UnavailableWord,SentenceIn
hpang,night bazaar shan ju seng hkying kade kaw na hpaw hpang ai rai
UnavailableWord,SentenceIn
hpang, hkying kade kaw na hpaw hpang ai rai
UnavailableWord,SentenceIn
night,night bazaar shan ju seng kaw hpa baw ni lu ai rai
UnavailableWord,SentenceIn
bazaar,night bazaar shan ju seng kaw hpa baw ni lu ai rai
UnavailableWord,SentenceIn
gaw,manu ni gaw gade rai
UnavailableWord,SentenceIn
gade,manu ni gaw gade rai
UnavailableWord,SentenceIn
gaw,manu ni gaw kade rai
UnavailableWord,SentenceIn
shani,shani shagu hpaw ai i
UnavailableWord,SentenceIn
shagu,shani shagu hpaw ai i
UnavailableWord,SentenceIn
hta,hkying kade hta pat ai rai
UnavailableWord,SentenceIn
7eleven,7eleven na lam tsun dan rit
UnavailableWord,SentenceIn
7eleven,7eleven na lum tsun dan rit
UnavailableWord,SentenceIn
lum,7eleven na lum tsun dan rit
UnavailableWord,SentenceIn
lum, na lum tsun dan rit
UnavailableWord,SentenceIn
sumlut,sumlut yawng seng kaw hpa baw nga ai rai
UnavailableWord,SentenceIn
yawng,sumlut yawng seng kaw hpa baw nga ai rai
UnavailableWord,SentenceIn
ram,manu kade ram nga ai rai
UnavailableWord,SentenceIn
dai,dai seng kaw hpa baw ni nga ai rai
UnavailableWord,SentenceIn
sumlut,sumlut yawng seng kaw hpa baw ni lu ai rai
UnavailableWord,SentenceIn
yawng,sumlut yawng seng kaw hpa baw ni lu ai rai
UnavailableWord,SentenceIn
hpat,hpat si yo na manu kade rai
UnavailableWord,SentenceIn
yo,hpat si yo na manu kade rai
UnavailableWord,SentenceIn
du,galoi ten du hkra hpaw ai rai
UnavailableWord,SentenceIn
hkra,galoi ten du hkra hpaw ai rai
UnavailableWord,SentenceIn
nsan,nsan sai
UnavailableWord,SentenceIn
chiangmai,chiangmai kaw nga ai lu sha seng
UnavailableWord,SentenceIn
lu sha seng,chiangmai kaw nga ai lu sha seng
UnavailableWord,SentenceIn
lu sha seng,lu sha seng
UnavailableWord,SentenceIn
chiangmai,chiangmai kaw lu sha seng nga ai kun
UnavailableWord,SentenceIn
lu sha seng,chiangmai kaw lu sha seng nga ai kun
UnavailableWord,SentenceIn
chiangmai,chiangmai kaw lu sha seng nga ai i
UnavailableWord,SentenceIn
lu sha seng,chiangmai kaw lu sha seng nga ai i
UnavailableWord,SentenceIn
sumlut,sumlut yawng seng kaw hpa ni lu ai rai
UnavailableWord,SentenceIn
yawng,sumlut yawng seng kaw hpa ni lu ai rai
UnavailableWord,SentenceIn
lanna,lanna gaw hpa rai
UnavailableWord,SentenceIn
gaw,lanna gaw hpa rai
UnavailableWord,SentenceIn
lanna,lanna gaw gade rai
UnavailableWord,SentenceIn
gaw,lanna gaw gade rai
UnavailableWord,SentenceIn
gade,lanna gaw gade rai
UnavailableWord,SentenceIn
lanna,lanna a manu gade rai
UnavailableWord,SentenceIn
a,lanna a manu gade rai
UnavailableWord,SentenceIn
gade,lanna a manu gade rai
UnavailableWord,SentenceIn
lanna,lanna a ma nu ga de rai
UnavailableWord,SentenceIn
a,lanna a ma nu ga de rai
UnavailableWord,SentenceIn
ma,lanna a ma nu ga de rai
UnavailableWord,SentenceIn
nu,lanna a ma nu ga de rai
UnavailableWord,SentenceIn
de,lanna a ma nu ga de rai
UnavailableWord,SentenceIn
lanna,lanna a manu kade rai
UnavailableWord,SentenceIn
a,lanna a manu kade rai
UnavailableWord,SentenceIn
aw,aw
UnavailableWord,SentenceIn
kaga,kaga lu sha naw nga ai i
UnavailableWord,SentenceIn
naw,kaga lu sha naw nga ai i
UnavailableWord,SentenceIn
7eleven,7eleven kaw hpa mai lu ai
UnavailableWord,SentenceIn
sumlut,sumlut yawng seng
UnavailableWord,SentenceIn
yawng,sumlut yawng seng
UnavailableWord,SentenceIn
sumlut,sumlut yawng seng a lu sha seng
UnavailableWord,SentenceIn
yawng,sumlut yawng seng a lu sha seng
UnavailableWord,SentenceIn
a,sumlut yawng seng a lu sha seng
UnavailableWord,SentenceIn
seng seng,sumlut yawng seng a lu sha seng
UnavailableWord,SentenceIn
a, a lu sha seng
UnavailableWord,SentenceIn
lu sha seng, a lu sha seng
UnavailableWord,SentenceIn
sumlut,sumlut yawng seng na lusha seng kaw hpa ni nga ai rai
UnavailableWord,SentenceIn
yawng,sumlut yawng seng na lusha seng kaw hpa ni nga ai rai
UnavailableWord,SentenceIn
sumlut,sumlut yawng seng kaw hpa baw nga ai rai
UnavailableWord,SentenceIn
yawng,sumlut yawng seng kaw hpa baw nga ai rai
UnavailableWord,SentenceIn
gade,gade rai
UnavailableWord,SentenceIn
gade,manu gade rai
UnavailableWord,SentenceIn
sumlut,sumlut yawng seng kaw hpa ni lu ai rai
UnavailableWord,SentenceIn
yawng,sumlut yawng seng kaw hpa ni lu ai rai
UnavailableWord,SentenceIn
kaga,kaga gaw hpa nga ai rai
UnavailableWord,SentenceIn
gaw,kaga gaw hpa nga ai rai
UnavailableWord,SentenceIn
sumlut,sumlut yawng seng kaw hpa nga ai rai
UnavailableWord,SentenceIn
yawng,sumlut yawng seng kaw hpa nga ai rai
UnavailableWord,SentenceIn
gade,manu gade rai
UnavailableWord,SentenceIn
kaga,kaga gaw hpa nga ai rai
UnavailableWord,SentenceIn
gaw,kaga gaw hpa nga ai rai
UnavailableWord,SentenceIn
chiangmai,chiangmai kaw na coffee seng
UnavailableWord,SentenceIn
coffee,chiangmai kaw na coffee seng
UnavailableWord,SentenceIn
coffee,coffee seng
UnavailableWord,SentenceIn
coffee,coffee seng nga ai i
UnavailableWord,SentenceIn
sengseng,sengseng
UnavailableWord,SentenceIn
night,night bazaar shan ju seng gara kaw rai
UnavailableWord,SentenceIn
bazaar,night bazaar shan ju seng gara kaw rai
UnavailableWord,SentenceIn
night,night bazaar shan ju seng gara kaw kun
UnavailableWord,SentenceIn
bazaar,night bazaar shan ju seng gara kaw kun
UnavailableWord,SentenceIn
night,night bazaar shan ju seng gara kaw kun
UnavailableWord,SentenceIn
bazaar,night bazaar shan ju seng gara kaw kun
UnavailableWord,SentenceIn
night,night bazaar shan ju seng gara kaw rai
UnavailableWord,SentenceIn
bazaar,night bazaar shan ju seng gara kaw rai
UnavailableWord,SentenceIn
night,night bazaar shan ju seng gara kaw rai kun
UnavailableWord,SentenceIn
bazaar,night bazaar shan ju seng gara kaw rai kun
UnavailableWord,SentenceIn
night,night bazaar shan ju seng gara kaw rai
UnavailableWord,SentenceIn
bazaar,night bazaar shan ju seng gara kaw rai
UnavailableWord,SentenceIn
night,night bazaar shan ju seng gara kaw kun
UnavailableWord,SentenceIn
bazaar,night bazaar shan ju seng gara kaw kun
UnavailableWord,SentenceIn
night,night bazaar shan ju seng gara kaw kun
UnavailableWord,SentenceIn
bazaar,night bazaar shan ju seng gara kaw kun
UnavailableWord,SentenceIn
night,night bazaar shan ju seng gara kaw kun
UnavailableWord,SentenceIn
bazaar,night bazaar shan ju seng gara kaw kun
UnavailableWord,SentenceIn
night,night bazaar shan ju seng kaw hpa baw ni nga ai rai
UnavailableWord,SentenceIn
bazaar,night bazaar shan ju seng kaw hpa baw ni nga ai rai
UnavailableWord,SentenceIn
night,night bazaar shan ju seng hpe madun rit
UnavailableWord,SentenceIn
bazaar,night bazaar shan ju seng hpe madun rit
UnavailableWord,SentenceIn
hpe,night bazaar shan ju seng hpe madun rit
UnavailableWord,SentenceIn
hpe, hpe madun rit
UnavailableWord,SentenceIn
night,night bazaar shan ju seng  madun rit
UnavailableWord,SentenceIn
bazaar,night bazaar shan ju seng  madun rit
UnavailableWord,SentenceIn
night,night bazaar shan ju seng kaw hpa baw ni nga ai rai
UnavailableWord,SentenceIn
bazaar,night bazaar shan ju seng kaw hpa baw ni nga ai rai
UnavailableWord,SentenceIn
night,night bazaar shan ju seng kaw hpa baw lusha ni nga ai rai
UnavailableWord,SentenceIn
bazaar,night bazaar shan ju seng kaw hpa baw lusha ni nga ai rai
UnavailableWord,SentenceIn
night,night bazaar shan ju seng kaw hpa baw lusha ni nga ai rai
UnavailableWord,SentenceIn
bazaar,night bazaar shan ju seng kaw hpa baw lusha ni nga ai rai
UnavailableWord,SentenceIn
night,night bazaar shan ju seng kaw hpa baw ni nga ai rai
UnavailableWord,SentenceIn
bazaar,night bazaar shan ju seng kaw hpa baw ni nga ai rai
UnavailableWord,SentenceIn
night,night bazaar shan ju seng kaw hpa baw ni nga ai rai
UnavailableWord,SentenceIn
bazaar,night bazaar shan ju seng kaw hpa baw ni nga ai rai
UnavailableWord,SentenceIn
night,night bazaar shan ju seng kaw hpa baw ni nga ai rai
UnavailableWord,SentenceIn
bazaar,night bazaar shan ju seng kaw hpa baw ni nga ai rai
UnavailableWord,SentenceIn
gaw,matut mahkai gaw hpa baw rai
UnavailableWord,SentenceIn
night,night bazaar shan ju seng kaw hpa baw ni nga ai rai
UnavailableWord,SentenceIn
bazaar,night bazaar shan ju seng kaw hpa baw ni nga ai rai
UnavailableWord,SentenceIn
ria,hpa baw lusha ni nga ai ria
UnavailableWord,SentenceIn
night,night bazaar shan ju seng kaw hpa baw ni nga ai rai
UnavailableWord,SentenceIn
bazaar,night bazaar shan ju seng kaw hpa baw ni nga ai rai
UnavailableWord,SentenceIn
night,night bazaar shan ju seng hpa madun rit
UnavailableWord,SentenceIn
bazaar,night bazaar shan ju seng hpa madun rit
UnavailableWord,SentenceIn
night,night bazaar shan ju seng hpa madun rit
UnavailableWord,SentenceIn
bazaar,night bazaar shan ju seng hpa madun rit
UnavailableWord,SentenceIn
night,night bazaar shan ju seng hpa madun rit
UnavailableWord,SentenceIn
bazaar,night bazaar shan ju seng hpa madun rit
UnavailableWord,SentenceIn
night,night bazaar shan ju seng hpa madun rit
UnavailableWord,SentenceIn
bazaar,night bazaar shan ju seng hpa madun rit
UnavailableWord,SentenceIn
hkan,seng gara hkan e mai mu na kun
UnavailableWord,SentenceIn
e,seng gara hkan e mai mu na kun
UnavailableWord,SentenceIn
sumlut,sumlut tang gun seng kaw hpa baw ni mai lu ai
UnavailableWord,SentenceIn
tang,sumlut tang gun seng kaw hpa baw ni mai lu ai
UnavailableWord,SentenceIn
gun,sumlut tang gun seng kaw hpa baw ni mai lu ai
UnavailableWord,SentenceIn
sumlut,sumlut tang gun seng kaw hpa baw ni mai lu ai rai
UnavailableWord,SentenceIn
tang,sumlut tang gun seng kaw hpa baw ni mai lu ai rai
UnavailableWord,SentenceIn
gun,sumlut tang gun seng kaw hpa baw ni mai lu ai rai
UnavailableWord,SentenceIn
sumlut,sumlut tang gun seng kaw hpa baw lusha ni mai lu ai rai
UnavailableWord,SentenceIn
tang,sumlut tang gun seng kaw hpa baw lusha ni mai lu ai rai
UnavailableWord,SentenceIn
gun,sumlut tang gun seng kaw hpa baw lusha ni mai lu ai rai
UnavailableWord,SentenceIn
sumlut,sumlut tang gun seng kaw hpa baw lusha ni nga ai rai
UnavailableWord,SentenceIn
tang,sumlut tang gun seng kaw hpa baw lusha ni nga ai rai
UnavailableWord,SentenceIn
gun,sumlut tang gun seng kaw hpa baw lusha ni nga ai rai
UnavailableWord,SentenceIn
sumlut,sumlut tang gun seng  tsun dan rit
UnavailableWord,SentenceIn
tang,sumlut tang gun seng  tsun dan rit
UnavailableWord,SentenceIn
gun,sumlut tang gun seng  tsun dan rit
UnavailableWord,SentenceIn
gaw,u shan shat mai gaw manu gade daram nga ai rai
UnavailableWord,SentenceIn
gade,u shan shat mai gaw manu gade daram nga ai rai
UnavailableWord,SentenceIn
daram,u shan shat mai gaw manu gade daram nga ai rai
UnavailableWord,SentenceIn
mung,wa shan mung u shan hte manu maren sha i
UnavailableWord,SentenceIn
hte,wa shan mung u shan hte manu maren sha i
UnavailableWord,SentenceIn
maren,wa shan mung u shan hte manu maren sha i
UnavailableWord,SentenceIn
mung,wa shan mung u shan hte manu maren sha re i
UnavailableWord,SentenceIn
hte,wa shan mung u shan hte manu maren sha re i
UnavailableWord,SentenceIn
maren,wa shan mung u shan hte manu maren sha re i
UnavailableWord,SentenceIn
re,wa shan mung u shan hte manu maren sha re i
UnavailableWord,SentenceIn
gade,hkying gade kaw hpaw ai rai
UnavailableWord,SentenceIn
sumlut,sumlut yawng seng kaw galoi mai sa sha ai rai
UnavailableWord,SentenceIn
yawng,sumlut yawng seng kaw galoi mai sa sha ai rai
UnavailableWord,SentenceIn
sa,sumlut yawng seng kaw galoi mai sa sha ai rai
UnavailableWord,SentenceIn
sa, kaw galoi mai sa sha ai rai
UnavailableWord,SentenceIn
sumlut,sumlut yawng seng hpe madun rit
UnavailableWord,SentenceIn
yawng,sumlut yawng seng hpe madun rit
UnavailableWord,SentenceIn
hpe,sumlut yawng seng hpe madun rit
UnavailableWord,SentenceIn
hpe, hpe madun rit
UnavailableWord,SentenceIn
sa,galoi ten mai sa sha ai rai
UnavailableWord,SentenceIn
sumlut,sumlut yawng seng  madun rit
UnavailableWord,SentenceIn
yawng,sumlut yawng seng  madun rit
UnavailableWord,SentenceIn
sumlut,sumlut tang gun seng kaw hpa baw lusha ni nga ai rai
UnavailableWord,SentenceIn
tang,sumlut tang gun seng kaw hpa baw lusha ni nga ai rai
UnavailableWord,SentenceIn
gun,sumlut tang gun seng kaw hpa baw lusha ni nga ai rai
UnavailableWord,SentenceIn
sumlut,sumlut tang gun seng kaw hpa baw lusha ni nga ai rai
UnavailableWord,SentenceIn
tang,sumlut tang gun seng kaw hpa baw lusha ni nga ai rai
UnavailableWord,SentenceIn
gun,sumlut tang gun seng kaw hpa baw lusha ni nga ai rai
UnavailableWord,SentenceIn
sumlut,sumlut yawng seng hkying kade kaw hpaw ai rai
UnavailableWord,SentenceIn
yawng,sumlut yawng seng hkying kade kaw hpaw ai rai
UnavailableWord,SentenceIn
sumlut,sumlut yawng seng galoi ten hpaw ai rai
UnavailableWord,SentenceIn
yawng,sumlut yawng seng galoi ten hpaw ai rai
UnavailableWord,SentenceIn
sumlut,sumlut yawng seng gara ten hpaw ai rai
UnavailableWord,SentenceIn
yawng,sumlut yawng seng gara ten hpaw ai rai
UnavailableWord,SentenceIn
sumlut,sumlut yawng seng hkying kade kaw hpaw ai rai
UnavailableWord,SentenceIn
yawng,sumlut yawng seng hkying kade kaw hpaw ai rai
UnavailableWord,SentenceIn
sumlut,sumlut yawng seng hkying kade kaw hpaw ai rai
UnavailableWord,SentenceIn
yawng,sumlut yawng seng hkying kade kaw hpaw ai rai
UnavailableWord,SentenceIn
sumlut,sumlut yawng seng galoi ten hpaw ai rai
UnavailableWord,SentenceIn
yawng,sumlut yawng seng galoi ten hpaw ai rai
UnavailableWord,SentenceIn
sumlut,sumlut yawng seng galoi ten hpaw ai rai
UnavailableWord,SentenceIn
yawng,sumlut yawng seng galoi ten hpaw ai rai
UnavailableWord,SentenceIn
sumlut,sumlut yawng seng galoi ten hpaw ai rai
UnavailableWord,SentenceIn
yawng,sumlut yawng seng galoi ten hpaw ai rai
UnavailableWord,SentenceIn
um,um
UnavailableWord,SentenceIn
sumlut,sumlut yawng seng galoi ten hpaw ai rai
UnavailableWord,SentenceIn
yawng,sumlut yawng seng galoi ten hpaw ai rai
UnavailableWord,SentenceIn
sumlut,sumlut yawng seng galoi ten hpaw ai rai
UnavailableWord,SentenceIn
yawng,sumlut yawng seng galoi ten hpaw ai rai
UnavailableWord,SentenceIn
sumlut,sumlut yawng seng galoi ten hpaw ai rai
UnavailableWord,SentenceIn
yawng,sumlut yawng seng galoi ten hpaw ai rai
UnavailableWord,SentenceIn
grai,grai mu ai lusha ni gaw hpa baw rai
UnavailableWord,SentenceIn
gaw,grai mu ai lusha ni gaw hpa baw rai
UnavailableWord,SentenceIn
sumlut,sumlut yawng seng kaw hpa baw lusha ni nga ai rai
UnavailableWord,SentenceIn
yawng,sumlut yawng seng kaw hpa baw lusha ni nga ai rai
UnavailableWord,SentenceIn
gaw,manu gaw kade ram rai
UnavailableWord,SentenceIn
ram,manu gaw kade ram rai
UnavailableWord,SentenceIn
night,night bazaar shan ju seng na manu gaw kade ram rai
UnavailableWord,SentenceIn
bazaar,night bazaar shan ju seng na manu gaw kade ram rai
UnavailableWord,SentenceIn
gaw,night bazaar shan ju seng na manu gaw kade ram rai
UnavailableWord,SentenceIn
ram,night bazaar shan ju seng na manu gaw kade ram rai
UnavailableWord,SentenceIn
gaw, na manu gaw kade ram rai
UnavailableWord,SentenceIn
ram, na manu gaw kade ram rai
UnavailableWord,SentenceIn
sengseng,sengseng
UnavailableWord,SentenceIn
night,night bazaar kaw pabu palang hkyem sa dik ai gaw hpa baw ni rai na kun
UnavailableWord,SentenceIn
bazaar,night bazaar kaw pabu palang hkyem sa dik ai gaw hpa baw ni rai na kun
UnavailableWord,SentenceIn
pabu,night bazaar kaw pabu palang hkyem sa dik ai gaw hpa baw ni rai na kun
UnavailableWord,SentenceIn
palang,night bazaar kaw pabu palang hkyem sa dik ai gaw hpa baw ni rai na kun
UnavailableWord,SentenceIn
hkyem,night bazaar kaw pabu palang hkyem sa dik ai gaw hpa baw ni rai na kun
UnavailableWord,SentenceIn
sa,night bazaar kaw pabu palang hkyem sa dik ai gaw hpa baw ni rai na kun
UnavailableWord,SentenceIn
dik,night bazaar kaw pabu palang hkyem sa dik ai gaw hpa baw ni rai na kun
UnavailableWord,SentenceIn
gaw,night bazaar kaw pabu palang hkyem sa dik ai gaw hpa baw ni rai na kun
UnavailableWord,SentenceIn
gawm,gawm dut ai seng gara kaw rai
UnavailableWord,SentenceIn
gawm,gawm gara kaw mai la na rai
UnavailableWord,SentenceIn
la,gawm gara kaw mai la na rai
UnavailableWord,SentenceIn
gawm,gawm ra ai 
UnavailableWord,SentenceIn
hpe,chiang mai kaw nga ai seng ni hpe madun rit
UnavailableWord,SentenceIn
lamai,lamai brang nan seng kaw hpa nga ai rai
UnavailableWord,SentenceIn
brang,lamai brang nan seng kaw hpa nga ai rai
UnavailableWord,SentenceIn
nan,lamai brang nan seng kaw hpa nga ai rai
UnavailableWord,SentenceIn
lamai,lamai brang nan seng kaw hpa baw ni nga ai rai
UnavailableWord,SentenceIn
brang,lamai brang nan seng kaw hpa baw ni nga ai rai
UnavailableWord,SentenceIn
nan,lamai brang nan seng kaw hpa baw ni nga ai rai
UnavailableWord,SentenceIn
lamai,lamai brang nan seng a lam tsun dan rit
UnavailableWord,SentenceIn
brang,lamai brang nan seng a lam tsun dan rit
UnavailableWord,SentenceIn
nan,lamai brang nan seng a lam tsun dan rit
UnavailableWord,SentenceIn
a,lamai brang nan seng a lam tsun dan rit
UnavailableWord,SentenceIn
a, seng a lam tsun dan rit
UnavailableWord,SentenceIn
lamai,lamai brang nan seng a lam tsun dan rit
UnavailableWord,SentenceIn
brang,lamai brang nan seng a lam tsun dan rit
UnavailableWord,SentenceIn
nan,lamai brang nan seng a lam tsun dan rit
UnavailableWord,SentenceIn
a,lamai brang nan seng a lam tsun dan rit
UnavailableWord,SentenceIn
a, seng a lam tsun dan rit
UnavailableWord,SentenceIn
night,night bazaar shan ju seng hpe tsun dan rit
UnavailableWord,SentenceIn
bazaar,night bazaar shan ju seng hpe tsun dan rit
UnavailableWord,SentenceIn
hpe,night bazaar shan ju seng hpe tsun dan rit
UnavailableWord,SentenceIn
hpe, hpe tsun dan rit
UnavailableWord,SentenceIn
grawm,grawm ra ai
UnavailableWord,SentenceIn
lamai,lamai brang nan hpe tsun dan rit
UnavailableWord,SentenceIn
brang,lamai brang nan hpe tsun dan rit
UnavailableWord,SentenceIn
nan,lamai brang nan hpe tsun dan rit
UnavailableWord,SentenceIn
hpe,lamai brang nan hpe tsun dan rit
UnavailableWord,SentenceIn
hpe, hpe tsun dan rit
UnavailableWord,SentenceIn
sumlut,sumlut yawng seng gara kaw nga ai rai
UnavailableWord,SentenceIn
yawng,sumlut yawng seng gara kaw nga ai rai
UnavailableWord,SentenceIn
hpe,lusha seng ni hpe madun rit
UnavailableWord,SentenceIn
hpe,palawng seng hpe madun rit
UnavailableWord,SentenceIn
hpe,palawng seng hpe madun rit
UnavailableWord,SentenceIn
lamai,lamai brang nan seng kaw palawng langai kade rai
UnavailableWord,SentenceIn
brang,lamai brang nan seng kaw palawng langai kade rai
UnavailableWord,SentenceIn
nan,lamai brang nan seng kaw palawng langai kade rai
UnavailableWord,SentenceIn
lamai,lamai brang nan seng kaw na rai manu ni gade rai
UnavailableWord,SentenceIn
brang,lamai brang nan seng kaw na rai manu ni gade rai
UnavailableWord,SentenceIn
nan,lamai brang nan seng kaw na rai manu ni gade rai
UnavailableWord,SentenceIn
gade,lamai brang nan seng kaw na rai manu ni gade rai
UnavailableWord,SentenceIn
gade, kaw na rai manu ni gade rai
UnavailableWord,SentenceIn
lamai,lamai brang nan seng hpe tsun dan rit
UnavailableWord,SentenceIn
brang,lamai brang nan seng hpe tsun dan rit
UnavailableWord,SentenceIn
nan,lamai brang nan seng hpe tsun dan rit
UnavailableWord,SentenceIn
hpe,lamai brang nan seng hpe tsun dan rit
UnavailableWord,SentenceIn
hpe, hpe tsun dan rit
UnavailableWord,SentenceIn
gaw,manu ni gaw kade rai
UnavailableWord,SentenceIn
hpe,seng hpaw ai ten hpe tsun dan rit
UnavailableWord,SentenceIn
labu,labu manu kade rai
UnavailableWord,SentenceIn
night,night bazaar shan ju seng kaw hpa baw lusha ni nga ai rai
UnavailableWord,SentenceIn
bazaar,night bazaar shan ju seng kaw hpa baw lusha ni nga ai rai
UnavailableWord,SentenceIn
baw,hpaw baw seng ni nga ai rai
UnavailableWord,SentenceIn
thai,thai kaw hpa baw seng ni nga ai rai
UnavailableWord,SentenceIn
mung,myen mung kaw hpa baw seng ni nga ai rai
UnavailableWord,SentenceIn
tsawmtsawm,tsawmtsawm hpe madun rit
UnavailableWord,SentenceIn
hpe,tsawmtsawm hpe madun rit
UnavailableWord,SentenceIn
hpe, hpe madun rit
UnavailableWord,SentenceIn
tsawmtsawm,tsawmtsawm seng kaw hpa nga ai rai
UnavailableWord,SentenceIn
tsawmtsawm,tsawmtsawm kaw hpa nga ai rai
UnavailableWord,SentenceIn
tsawmtsawm,tsawmtsawm kaw hpa baw lusha nga ai rai
UnavailableWord,SentenceIn
tsawmtsawm,tsawmtsawm kaw nga ai hpe madun rit
UnavailableWord,SentenceIn
hpe,tsawmtsawm kaw nga ai hpe madun rit
UnavailableWord,SentenceIn
hpe, kaw nga ai hpe madun rit
UnavailableWord,SentenceIn
tsawmtsawm,tsawmtsawm kaw nga ai lusha ni hpe madun rit
UnavailableWord,SentenceIn
hpe,tsawmtsawm kaw nga ai lusha ni hpe madun rit
UnavailableWord,SentenceIn
hpe, kaw nga ai lusha ni hpe madun rit
UnavailableWord,SentenceIn
tsawmtsawm,tsawmtsawm kaw mai lu ai lusha ni  madun rit
UnavailableWord,SentenceIn
tsawmtsawm,tsawmtsawm kaw hpa baw lusha rai
UnavailableWord,SentenceIn
tsawmtsawm,tsawmtsawm gaw hpa baw seng rai
UnavailableWord,SentenceIn
gaw,tsawmtsawm gaw hpa baw seng rai
UnavailableWord,SentenceIn
gaw, gaw hpa baw seng rai
UnavailableWord,SentenceIn
tsawmtsawm,tsawmtsawm kaw hpa baw nga ai rai
UnavailableWord,SentenceIn
tsawmtsawm,tsawmtsawm seng kaw hpa baw nga ai rai
UnavailableWord,SentenceIn
tsawmtsawm,tsawmtsawm seng kaw hpa baw lusha nga ai rai
UnavailableWord,SentenceIn
tsawmtsawm,tsawmtsawm kaw hpa baw nga ai rai
UnavailableWord,SentenceIn
tsawmtsawm,tsawmtsawm na matut mahkai chye mayu ai
UnavailableWord,SentenceIn
chye,tsawmtsawm na matut mahkai chye mayu ai
UnavailableWord,SentenceIn
chye, na matut mahkai chye mayu ai
UnavailableWord,SentenceIn
tsawmtsawm,tsawmtsawm na matut mahkai gaw hpa nga rai
UnavailableWord,SentenceIn
gaw,tsawmtsawm na matut mahkai gaw hpa nga rai
UnavailableWord,SentenceIn
gaw, na matut mahkai gaw hpa nga rai
UnavailableWord,SentenceIn
tsawmtsawm,tsawmtsawm na matut mahkai gaw hpa rai
UnavailableWord,SentenceIn
gaw,tsawmtsawm na matut mahkai gaw hpa rai
UnavailableWord,SentenceIn
gaw, na matut mahkai gaw hpa rai
UnavailableWord,SentenceIn
tsawmtsawm,tsawmtsawm gara kaw nga ai rai
UnavailableWord,SentenceIn
ok,ok
UnavailableWord,SentenceIn
tsawmtsawm,tsawmtsawm na matut mahkai  tsun dan rit
UnavailableWord,SentenceIn
tsawmtsawm,tsawmtsawm na matut mahkai hpa chye mayu ai
UnavailableWord,SentenceIn
chye,tsawmtsawm na matut mahkai hpa chye mayu ai
UnavailableWord,SentenceIn
chye, na matut mahkai hpa chye mayu ai
UnavailableWord,SentenceIn
tsawmtsawm,tsawmtsawm na matut mahkai hpe chye mayu ai
UnavailableWord,SentenceIn
hpe,tsawmtsawm na matut mahkai hpe chye mayu ai
UnavailableWord,SentenceIn
chye,tsawmtsawm na matut mahkai hpe chye mayu ai
UnavailableWord,SentenceIn
hpe, na matut mahkai hpe chye mayu ai
UnavailableWord,SentenceIn
chye, na matut mahkai hpe chye mayu ai
UnavailableWord,SentenceIn
tsawmtsawm,tsawmtsawm na matut mahkai chye mayu ai
UnavailableWord,SentenceIn
chye,tsawmtsawm na matut mahkai chye mayu ai
UnavailableWord,SentenceIn
chye, na matut mahkai chye mayu ai
UnavailableWord,SentenceIn
tsawmtsawm,tsawmtsawm na matut mahkai hpe chye mayu ai
UnavailableWord,SentenceIn
hpe,tsawmtsawm na matut mahkai hpe chye mayu ai
UnavailableWord,SentenceIn
chye,tsawmtsawm na matut mahkai hpe chye mayu ai
UnavailableWord,SentenceIn
hpe, na matut mahkai hpe chye mayu ai
UnavailableWord,SentenceIn
chye, na matut mahkai hpe chye mayu ai
UnavailableWord,SentenceIn
tsawmtsawm,tsawmtsawm na matut mahkai hpe tsun dan rit
UnavailableWord,SentenceIn
hpe,tsawmtsawm na matut mahkai hpe tsun dan rit
UnavailableWord,SentenceIn
hpe, na matut mahkai hpe tsun dan rit
UnavailableWord,SentenceIn
tsawmtsawm,tsawmtsawm na matut mahkai  chye mayu ai
UnavailableWord,SentenceIn
chye,tsawmtsawm na matut mahkai  chye mayu ai
UnavailableWord,SentenceIn
chye, na matut mahkai  chye mayu ai
UnavailableWord,SentenceIn
tsawmtsawm,tsawmtsawm na matut mahkai gaw hpa rai
UnavailableWord,SentenceIn
gaw,tsawmtsawm na matut mahkai gaw hpa rai
UnavailableWord,SentenceIn
gaw, na matut mahkai gaw hpa rai
UnavailableWord,SentenceIn
tsawmtsawm,tsawmtsawm nga shara  tsun dan rit
UnavailableWord,SentenceIn
tsawmtsawm,tsawmtsawm kara kaw rai
UnavailableWord,SentenceIn
kara,tsawmtsawm kara kaw rai
UnavailableWord,SentenceIn
kara, kara kaw rai
UnavailableWord,SentenceIn
dom,dom the tailor kara kaw nga ai rai
UnavailableWord,SentenceIn
the,dom the tailor kara kaw nga ai rai
UnavailableWord,SentenceIn
tailor,dom the tailor kara kaw nga ai rai
UnavailableWord,SentenceIn
kara,dom the tailor kara kaw nga ai rai
UnavailableWord,SentenceIn
kara, kara kaw nga ai rai
UnavailableWord,SentenceIn
dom,dom the tailor kara kaw nga ai rai
UnavailableWord,SentenceIn
the,dom the tailor kara kaw nga ai rai
UnavailableWord,SentenceIn
tailor,dom the tailor kara kaw nga ai rai
UnavailableWord,SentenceIn
kara,dom the tailor kara kaw nga ai rai
UnavailableWord,SentenceIn
kara, kara kaw nga ai rai
UnavailableWord,SentenceIn
dom,dom the tailor kaw manu ni kade rai
UnavailableWord,SentenceIn
the,dom the tailor kaw manu ni kade rai
UnavailableWord,SentenceIn
tailor,dom the tailor kaw manu ni kade rai
UnavailableWord,SentenceIn
kara,kara kaw nga ai rai
UnavailableWord,SentenceIn
dom,dom the tailor gara kaw rai
UnavailableWord,SentenceIn
the,dom the tailor gara kaw rai
UnavailableWord,SentenceIn
tailor,dom the tailor gara kaw rai
UnavailableWord,SentenceIn
dom,dom the tailor gara kaw nga ai rai
UnavailableWord,SentenceIn
the,dom the tailor gara kaw nga ai rai
UnavailableWord,SentenceIn
tailor,dom the tailor gara kaw nga ai rai
UnavailableWord,SentenceIn
sumlut,sumlut yawng seng gara kaw nga ai rai
UnavailableWord,SentenceIn
yawng,sumlut yawng seng gara kaw nga ai rai
UnavailableWord,SentenceIn
lashoi,lashoi kaw seng i nga 
UnavailableWord,SentenceIn
hpat,galoi ten hpat ai rai
UnavailableWord,SentenceIn
gaw,manu gaw gade nga rai
UnavailableWord,SentenceIn
gade,manu gaw gade nga rai
UnavailableWord,SentenceIn
gaw,manu gaw kade nga rai
UnavailableWord,SentenceIn
gaw,nga shara gaw gara kaw rai
UnavailableWord,SentenceIn
lamai,lamai brang nan seng kaw hpa baw ni nga ai rai
UnavailableWord,SentenceIn
brang,lamai brang nan seng kaw hpa baw ni nga ai rai
UnavailableWord,SentenceIn
nan,lamai brang nan seng kaw hpa baw ni nga ai rai
UnavailableWord,SentenceIn
gaw,manu ni gaw gade rai
UnavailableWord,SentenceIn
gade,manu ni gaw gade rai
UnavailableWord,SentenceIn
gaw,manu ni gaw kade rai
UnavailableWord,SentenceIn
lu sha seng,chiang mai kaw nga ai lu sha seng ni  madun rit
UnavailableWord,SentenceIn
hpe,seng ni hpe madun rit
UnavailableWord,SentenceIn
hpe,shat seng hpe madun rit
